5836,banda baro
5835,gunungjati
5834,purbaratu
5833,mariat
5832,siliragung
5831,tuah negeri
5830,rawajitu timur
5829,dumbo raya
5828,teluk dalam
5827,palasa
5826,sungai penuh
5825,teramang jaya
5824,xiv koto
5823,kumun debai
5822,muara sugihan
5821,air dikit
5820,sukamulya
5819,pulo bandring
5818,karang bintang
5817,girimaya
5816,meureubo
5815,puuwatu
5814,panggungrejo
5813,kota lama
5812,poso kota utara
5811,way kenanga
5810,telawang
5809,ulok kupai
5808,bara
5807,kelumpang hilir
5806,kempas
5805,karang penang
5804,anggaberi
5803,batang asam
5802,bajenis
5801,lalolae
5800,mantikulore
5799,mempawah hilir
5798,air majunto
5797,kasomalang
5796,singaran pati
5795,pattallassang
5794,atambua barat
5793,gumay talang
5792,enggal
5791,martapura timur
5790,selaparang
5789,pengasih
5788,penarik
5787,geragai
5786,lebak gedong
5785,sanggau kapuas
5784,ambarawa
5783,air salek
5782,langke rembong
5781,ciater
5780,seberang kota
5779,sematu jaya
5778,curup tengah
5777,sekarbela
5776,sipatana
5775,kalanganyar
5774,cilograng
5773,padang gelugur
5772,tebing syahbandar
5771,haurwangi
5770,ternate tengah
5769,gunungsitoli utara
5768,gunungsitoli selatan
5767,gunungsitoli idanoi
5766,gunungsitoli barat
5765,gunungsitoli alo'oa
5764,sabu raijua
5763,muara satu
5762,greged
5761,batu poaro
5760,sandubaya
5759,jamblang
5758,wua wua
5757,wau wau
5756,curup utara
5755,teluk gelam
5754,dumai selatan
5753,sangatta utara
5752,sangatta utara
5751,way halim
5750,denpasar utara
5749,denpasar utara
5748,toapaya
5747,sarudik
5746,muarabungo
5745,mesuji timur
5744,bukit kerman
5743,sirapit
5742,taman sari
5741,kadia
5740,blang bintang
5739,kota raja
5738,suranenggala
5737,kuta utara
5736,kuta selatan
5735,paal dua
5734,pasar manna
5733,patrol
5732,sungai pinang
5731,pinangsori
5730,sekolaq darat
5729,rimbo tengah
5728,bengkong
5727,maluk
5726,tukdana
5725,jambesari
5724,teluk betung timur
5723,kambera
5722,loa janan ilir
5721,ciambar
5720,mungkajang
5719,tinggi raja
5718,farissa district
5717,pondok tinggi
5716,tes
5715,sei dadap
5714,cinambo
5713,buer
5680,sigi biromaru
5679,gisting
5678,ambarawa
5677,tambakdahan
5676,semplak
5675,majasari
5674,girian
5673,lempuing jaya
5672,sembawa
5671,pasekan
5670,buahbatu
5669,ubung
5668,tonja
5667,peguyangan
5666,sorong utara
5665,sorong manoi
5664,parittiga
5663,sindang jaya
5662,solear
5661,bandungan
5660,ngasem
5659,gunungsitoli
5658,sagulung
5657,gedebage
5656,batu aji
5655,kotamobagu selatan
5654,kotamobagu timur
5653,kotamobagu barat
5652,kotamobagu utara
5651,bojongsari
5650,cinere
5649,cilodong
5648,cipayung
5647,boyolali
5646,soroako
5645,angsana
5644,payakumbuh
5643,kambu
5642,padang sidempuan
5641,telaga biru
5640,kutawaringin
5639,pandan
5638,gerih
5637,kelapa dua
5636,sungai lala
5635,naman teran
5634,simpang empat
5633,heram
5632,tapos
5631,lubuk raja
5630,bungursari
5629,tulin onsoi
5628,sembakung
5627,sembakung atulai
5626,sekatak
5625,sei menggaris
5624,sebatik utara
5623,sebatik timur
5622,sebatik tengah
5621,nunukan selatan
5620,pujungan
5619,long iram
5618,sungai tubu
5617,tabalar
5616,biatan
5615,batu putih
5614,sebatik barat
5613,muruk rian
5612,mentarang
5611,mentarang hulu
5610,malinau utara
5609,malinau selatan
5608,malinau selatan hulu
5607,malinau selatan hilir
5606,malinau kota
5605,malinau barat
5604,lumbis
5603,lumbis ogong
5602,krayan
5601,krayan selatan
5600,kayan selatan
5599,kayan hulu
5598,kayan hilir
5597,betayau
5596,bahau hulu
5595,bunyu
5594,tarakan utara
5593,tarakan timur
5592,tarakan tengah
5591,tarakan barat
5590,mandalajati
5589,kec. peninjauan
5588,panyileukan
5587,curup utara
5586,bang haji
5585,banjar baru utara
5584,banjar baru selatan
5583,setu
5582,ciputat timur
5581,serpong utara
5580,marga sekampung
5579,tebing tinggi
5578,panyabungan
5577,tanjung balai
5576,way sulan
5575,way panji
5574,tanjungsari
5573,jakarta
5572,muara tam
5571,jayapura utara
5570,jayapura selatan
5569,abepura
5568,sawai
5567,benuki
5566,waropen atas
5565,rufaer
5564,mamberamo tengah timur
5563,mamberamo ulu
5562,mamberamo ilir
5561,mamberamo tengah
5560,burmeso
5559,yapen timur
5558,yapen selatan
5557,yapen barat
5556,serui
5555,poom
5554,angkaisera
5553,sumohai
5552,ninia
5551,kurima
5550,anggruk
5549,waropen bawah
5548,masirei
5547,botawa
5546,kembu
5545,karubaga
5544,kanggime
5543,bokondini
5542,supiori utara
5541,supiori timur
5540,supiori selatan
5539,sorendiweri
5538,tor atas
5537,sarmi
5536,pantai timur
5535,pantai barat
5534,bonggo
5533,sinak
5532,mulia
5531,ilu
5530,ilaga
5529,fawi
5528,beoga
5527,oksibil
5526,okbibab
5525,kiwirok
5524,iwur
5523,borme
5522,batom
5521,tigi timur
5520,tigi
5519,sugapa
5518,paniai timur
5517,paniai barat
5516,homeyo
5515,enarotari
5514,bogoboida
5513,bibida
5512,biandoga
5511,aradide
5510,agisiga
5509,yaur
5508,wanggar
5507,uwapa
5506,teluk umar
5505,sukikai
5504,siriwo
5503,napan
5502,nabire
5501,mapia
5500,makimi
5499,kamu utara
5498,kamu
5497,timika
5496,tembaga pura
5495,mimika timur tengah
5494,mimika timur jauh
5493,mimika timur
5492,mimika baru
5491,mimika barat tengah
5490,mimika barat jauh
5489,mimika barat
5488,kuala kencana
5487,jita
5486,jila
5485,agimuga
5484,tanah miring
5483,sota
5482,semangga
5481,okaba
5480,muting
5479,merauke
5478,kurik
5477,kimaam
5476,jagebob
5475,eligobel
5474,distrik ulilin
5473,obaa
5472,nambioman bapai
5471,kepi
5470,haju
5469,edera
5468,citak mitak
5467,assue
5466,web
5465,waris
5464,skanto
5463,senggi
5462,arso
5461,wamena
5460,tiom
5459,pirime
5458,mapenduma
5457,maki
5456,kurulu
5455,kobakma
5454,kenyam
5453,kelila
5452,hubikosi
5451,gamelia
5450,bolakma
5449,asologaima
5448,apalapsili
5447,abenaho
5446,unurum guay
5445,sentani timur
5444,sentani barat
5443,sentani
5442,nimboran
5441,nimbokrang
5440,kemtuk gresie
5439,kemtuk
5438,kareuh
5437,jayapura
5436,depapre
5435,demta
5434,waropko
5433,tanah merah/ boven digoel
5432,mindiptana
5431,mandobo
5430,kouh
5429,jair
5428,distrik bomakia
5427,yendidori
5426,warsa
5425,samofa
5424,numfor timur
5423,numfor barat
5422,kepulauan padaidio
5421,biak timur
5420,biak utara
5419,biak kota
5418,biak barat
5417,suator
5416,sawaerma
5415,pantai kasuari
5414,fayit
5413,atsy
5412,akat
5411,agats
5410,sorong timur
5409,sorong barat
5408,windesi
5407,wasior utara
5406,wasior selatan
5405,wasior barat
5404,wasior
5403,wamesa
5402,rumberpon
5401,rasei
5400,tembuni
5399,moskona utara
5398,moskona selatan
5397,merdey
5396,kuri
5395,door
5394,fafuwar
5393,bintuni
5392,babo
5391,aranday
5390,wayer
5389,teminabuan
5388,seremuk
5387,sawiat
5386,moswaren
5385,mare
5384,kokoda
5383,kais
5382,inanwatan
5381,ayamaru utara
5380,ayamaru
5379,aitinyo
5378,aifat timur
5377,aifat
5376,sorong
5375,segun
5374,seget
5373,sayosa
5372,sausapor
5371,salawati
5370,moraid
5369,makbon
5368,klamono
5367,fef
5366,beraur
5365,aimas
5364,abun
5363,waisai
5362,waigeo utara
5361,waigeo timur
5360,waigeo selatan
5359,waigeo barat
5358,teluk mayalibit
5357,samate
5356,misool timur selatan
5355,misool
5354,kofiau
5353,kepulauan ayau
5352,warmare
5351,sugurey
5350,ransiki
5349,prafi
5348,oransbari
5347,minyambouw
5346,masni
5345,manokwari
5344,kebar
5343,anggi
5342,amberbaken
5341,teluk etna
5340,teluk arguni
5339,kaimana
5338,buruwai
5337,kokas
5336,fakfak timur
5335,fakfak barat
5334,fakfak
5333,tidore utara
5332,tidore selatan
5331,tidore
5330,oba utara
5329,oba
5328,ternate utara
5327,ternate selatan
5326,ternate
5325,moti
5324,taliabu timur
5323,taliabu barat
5322,sula besi barat
5321,sanana
5320,nggele
5319,mangoli timur
5318,mangoli barat
5317,tobelo selatan
5316,tobelo
5315,morotai utara
5314,morotai selatan barat
5313,morotai selatan
5312,malifut
5311,loloda utara
5310,kao
5309,galela
5308,wasile selatan
5307,wasile
5306,maba selatan
5305,maba
5304,weda
5303,patani
5302,gebe
5301,pulau makian
5300,obi selatan
5299,obi
5298,labuha
5297,kayoa
5296,gane timur
5295,gane barat
5294,bacan timur
5293,bacan selatan
5292,bacan
5291,sahu
5290,loloda
5289,jailolo selatan
5288,jailolo
5287,ibu
5286,leitimur selatan
5285,teluk ambon
5284,teluk ambon baguala
5283,sirimau
5282,nusaniwe
5281,ambon
5280,werinama
5279,seram timur
5278,pulau-pulau gorong
5277,dataran hunimoa
5276,bula
5275,waisala
5274,taniwel
5273,piru
5272,seram barat
5271,kairatu
5270,serwaru
5269,yaru
5268,wuarlabobar
5267,wertamrian
5266,wer makatian
5265,tanimbar utara
5264,tanimbar selatan
5263,selaru
5262,saumlaki
5261,pulau-pulau wetar
5260,pulau-pulau terselatan
5259,pulau-pulau letimoa lakor
5258,pulau-pulau babar timur
5257,pulau-pulau babar
5256,nirunmas
5255,mola
5254,luser
5253,kormomolin
5252,damer
5251,tual
5250,pulau-pulau kur
5249,kei kecil
5248,kei besar utara timur
5247,kei besar selatan
5246,kei besar
5245,teon nila serua
5244,tehoru
5243,seram utara
5242,saparua
5241,sala hutu
5240,pulau haruku
5239,nusa laut
5238,leihitu
5237,kota masohi
5236,banda
5235,amahai
5234,pulau-pulau aru tengah
5233,pulau-pulau aru selatan
5232,pulau-pulau aru
5231,dobo
5230,wayapo / buru utara timur
5229,waesama
5228,namlea
5227,leksula / buru selatan
5226,air buaya / buru utara barat
5225,wonomulyo
5224,tutallu
5223,tinambung
5222,tapango
5221,polewali
5220,matangnga
5219,matakali
5218,mapilli
5217,luyo
5216,limboro
5215,campalagian
5214,binuang
5213,balanipa
5212,anreapi
5211,allu
5210,sarudu
5209,pasangkayu
5208,baras
5207,bambalamotu
5206,topoyo
5205,tommo
5204,tobadak
5203,tapalang barat
5202,tappalang
5201,simboro dan kepulauan
5200,sampaga
5199,papalang
5198,pangale
5197,mamuju
5196,karossa
5195,kalumpang
5194,kalukku
5193,budong-budong
5192,bonehau
5191,tanduk kalua
5190,tabulahan
5189,tabang
5188,sumarorong
5187,sesena padang
5186,nosu
5185,pana
5184,messawa
5183,mambi
5182,mamasa
5181,aralle
5180,sendana
5179,pamboang
5178,malunda
5177,majene
5176,banggae
5175,tomohon utara
5174,tomohon timur
5173,tomohon tengah
5172,tomohon selatan
5171,tomohon barat
5170,tomohon
5169,wenang
5168,wanea
5167,tuminting
5166,tikala
5165,singkil
5164,sario
5163,mapanget
5162,manado
5161,malalayang
5160,bunaken
5159,bitung utara
5158,bitung timur
5157,bitung tengah
5156,bitung selatan
5155,bitung barat
5154,bitung
5153,pusomaen
5152,ratatotok
5151,touluaan
5150,tombatu
5149,belang
5148,ratahan
5147,tumpaan
5146,tompaso baru
5145,tombasian
5144,tenga
5143,tareran
5142,sinon sayang
5141,ranoyapo
5140,motoling
5139,modoinding
5138,amurang
5137,wori
5136,likupang timur
5135,likupang barat
5134,kema
5133,kauditan
5132,kalawat
5131,dimembe
5130,airmadidi
5129,tondano utara
5128,tondano timur
5127,tondano selatan
5126,tondano barat
5125,tondano
5124,tompaso
5123,tombulu
5122,tombariri
5121,sonder
5120,remboken
5119,pineleng
5118,lembean timur
5117,langowan timur
5116,langowan selatan
5115,langowan barat
5114,kombi
5113,kawangkoan
5112,kakas
5111,eris
5110,rainis
5109,nanusa
5108,melonguane
5107,lirung
5106,kabaruan
5105,gemeh
5104,essang
5103,beo
5102,tatoareng
5101,tamako
5100,tahuna
5099,tagulandang utara
5098,tagulandang
5097,tabukan utara
5096,tabukan tengah
5095,tabukan selatan
5094,siau timur selatan
5093,siau timur
5092,siau barat selatan
5091,siau barat
5090,nusa tabukan
5089,manganitu selatan
5088,manganitu
5087,kendahe
5086,biaro
5085,sangkub
5084,pinogaluman
5083,kaidipang
5082,boroko
5081,bolaang itang timur
5080,bolaang itang barat
5079,bintauna
5078,sangtombolang
5077,posigadan
5076,poigar
5075,pinolosian
5074,pinogaluman
5073,passi
5072,nuangan
5071,modayag
5070,lolayan
5069,lolak
5068,kotamobagu
5067,kotabunan
5066,kaidipang
5065,dumoga utara
5064,dumoga timur
5063,dumoga barat
5062,bolang uki
5061,bolang itang
5060,bolaang
5059,bintauna
5058,palu utara
5057,palu timur
5056,palu selatan
5055,palu barat
5054,palu
5053,toli - toli
5052,utara toli-toli
5051,ogo deide
5050,lampasio
5049,galang
5048,dondo
5047,dampal utara
5046,dampal selatan
5045,basidondo
5044,baolan
5043,walea kepulauan
5042,una-una
5041,ulu bongka
5040,tojo barat
5039,tojo
5038,togean
5037,ampana tete
5036,ampana kota
5035,poso pesisir
5034,poso kota
5033,pamona utara
5032,pamona timur
5031,pamona selatan
5030,lore utara
5029,lore tengah
5028,lore selatan
5027,lage
5026,torue
5025,tomini
5024,tinombo selatan
5023,tinombo
5022,sausu
5021,parigi
5020,moutong
5019,kasimbar
5018,bolano lambunu
5017,ampibabo
5016,wita ponda
5015,soyo jaya
5014,petasia
5013,mori atas
5012,menui kepulauan
5011,mamosalato
5010,lembo
5009,bungku utara
5008,bungku tengah
5007,bungku selatan
5006,bungku barat
5005,bumi raya
5004,bungku
5003,bahodopi
5002,tawaeli
5001,sojol
5000,sirenja
4999,sindue
4998,sigi biromaru
4997,riopakawa
4996,pipikoro
4995,palolo
4994,marawola
4993,kulawi
4992,dolo
4991,damsol
4990,banawa
4989,balaesang
4988,tiolan
4987,paleleh
4986,momunu
4985,lipunoto
4984,gadung
4983,bunobogu
4982,buol
4981,bukal
4980,bokat
4979,biau
4978,totikum
4977,tinangkung
4976,lo bangkurung
4975,liang
4974,bulagi selatan
4973,bulagi
4972,buko
4971,bokan kepulauan
4970,banggai
4969,toili
4968,pagimana
4967,luwuk
4966,lamala
4965,kintom
4964,bunta
4963,boalemo
4962,batui
4961,balantak
4960,poasia
4959,mandonga
4958,barat
4957,kendar
4956,kendari
4955,baruga
4954,abeli
4953,wolio
4952,sorowalio
4951,murhum
4950,kokalukuna
4949,bungi
4948,betoambari
4947,bau - bau
4946,wangi-wangi selatan
4945,wangi-wangi
4944,tomia
4943,kaledupa
4942,binongko
4941,watopute
4940,wakorumba selatan
4939,wakorumba
4938,tongkuno
4937,tiworo tengah
4936,tikep
4935,sawerigadi
4934,raha
4933,pasir putih
4932,parigi
4931,napabalano
4930,maligano
4929,maginti
4928,lohia
4927,lawa
4926,lasalepa
4925,kusambi
4924,kulisusu utara
4923,kulisusu barat
4922,kulisusu
4921,kontunaga
4920,katobu
4919,kambowa
4918,kabawo
4917,kabangka
4916,duruka bone
4915,bonegunu
4914,batalaiworu
4913,barangka
4912,tinanggea
4911,ranomeeto
4910,palangga
4909,moramo
4908,laonti
4907,landono
4906,lainea
4905,konda
4904,kolono
4903,angata
4902,andolo/wanggodo
4901,wonggeduku
4900,wawotobi
4899,waworete
4898,wawonii
4897,unaaha
4896,uepai
4895,tongauna
4894,soropia
4893,sawa
4892,pondidaha
4891,latoma
4890,lasolo
4889,lambuya
4888,bondoala sampara
4887,asera
4886,abuki
4885,ranteangin
4884,pakue
4883,ngapa
4882,lasusua
4881,kodeoha
4880,batu putih
4879,wundulako
4878,wolo
4877,watubangga
4876,uluiwoi
4875,tirawuta
4874,tanggetada
4873,samaturu
4872,pomalaa
4871,mowewe
4870,latambaga
4869,lambadia
4868,ladongi
4867,kolaka
4866,baula
4865,buranga
4864,talaga raya
4863,siompu
4862,sampolawa
4861,pasar wajo
4860,mawasangka timur
4859,mawasangka
4858,lasalimu selatan
4857,lasalimu
4856,lakudo
4855,kapontori
4854,kadatua
4853,gu
4852,batu atas
4851,batauga
4850,rumbia
4849,rarowatu
4848,poleang timur
4847,poleang barat
4846,poleang
4845,kabaena timur
4844,kabaena
4843,ujung
4842,soreang
4841,pare - pare
4840,bacukiki
4839,wara utara
4838,wara selatan
4837,wara
4836,telluwanua
4835,palopo
4834,wajo
4833,ujung tanah
4832,tamalate
4831,tamalanrea
4830,tallo
4829,rappocini
4828,panakkukang
4827,mariso
4826,manggala
4825,mamajang
4824,makassar/u. pandang
4823,bontoala
4822,biring kanaya
4821,pamanna
4820,tempe
4819,tana sitolo
4818,takkalalla
4817,sengkang
4816,sajoanging
4815,sabbang paru
4814,pitumpanua
4813,penrang
4812,maniang pajo
4811,majauleng
4810,keera
4809,gilireng
4808,bola
4807,belawa
4806,tondon nanggala
4805,tikala
4804,tallunglipu
4803,sopai
4802,soloara
4801,sesean
4800,sanggalangi
4799,sa'dan balusu
4798,rindingalo
4797,rantepao
4796,rantebua
4795,nanggala
4794,kesu
4793,kapala pitu
4792,denpina/dende piongan napo
4791,buntu pepasan
4790,buntao rantebua
4789,baruppu
4788,bangkelekila
4787,balusu
4786,awan rante karua
4785,rembon
4784,rano
4783,malimbong balepe
4782,masanda
4781,mappak
4780,makale utara
4779,makale selatan
4778,kurra
4777,gandang batu silang
4776,simbuang
4775,sangalla
4774,saluputti
4773,rantetayo
4772,mengkendek
4771,makale
4770,bonggakaradeng
4769,bituang
4768,polobangkeng utara
4767,polobangkeng selatan
4766,pattallassang
4765,mappakasunggu
4764,mangara bombang
4763,kota takalar
4762,galesong utara
4761,galesong selatan
4760,watansoppeng
4759,mario riwawo
4758,mario riawa
4757,lili rilau
4756,lili riaja
4755,lalabata
4754,ganra
4753,donri donri
4752,sidrap
4751,watang pulu
4750,tellulimpo e
4749,sidenreng
4748,pitu riawa
4747,pitu riase
4746,panca rijang
4745,panca lautang
4744,maritengngae
4743,kulo
4742,duapitue
4741,baranti
4740,tellu limpoe
4739,sinjai utara
4738,sinjai timur
4737,sinjai tengah
4736,sinjai selatan
4735,sinjai borong
4734,sinjai barat
4733,sinjai
4732,pulau sembilan
4731,bulupoddo
4730,takabonerate
4729,pasimassunggu
4728,pasimarannu
4727,pasilambena
4726,bontosikuyu
4725,bontomatene
4724,bontomanai
4723,bontoharu
4722,benteng
4721,watang sawitto
4720,tiroang
4719,suppa
4718,pinrang
4717,patampanua
4716,paleteang
4715,mattirosompe
4714,mattiro bulu
4713,lembang
4712,lanrisang
4711,duampanua
4710,cempa
4709,batulappa
4708,tondong talasa
4707,segeri
4706,pangkajene
4705,minasa te'ne
4704,ma'rang
4703,mandalle
4702,liukang tupabbiring
4701,liukang tangaya
4700,labakkang
4699,kalukuang masalima
4698,bungoro
4697,balocci
4696,turikale
4695,tompu bulu
4694,tanralili
4693,simbang
4692,moncongloe
4691,marusu
4690,maros utara
4689,maros baru
4688,maros
4687,mandai
4686,mallawa
4685,lau
4684,cenrana
4683,camba
4682,bantimurung
4681,sukamaju
4680,seko
4679,sabbang
4678,rampi
4677,masamba
4676,mappedeceng
4675,malangke barat
4674,malangke
4673,limbong
4672,bone-bone
4671,baebunta
4670,wotu
4669,towuti
4668,tomoni
4667,nuha
4666,mangkutana
4665,malili
4664,burau
4663,angkona
4662,walenrang
4661,suli
4660,poncang
4659,latimojong
4658,laronpong selatan
4657,larompong
4656,lamasi
4655,kamanre
4654,bua ponrang
4653,bua
4652,belopa
4651,bassesangtempe
4650,bajo
4649,turatea
4648,tamalatea
4647,kelara
4646,jeneponto
4645,bontoramba
4644,binamu
4643,batang
4642,bangkala barat
4641,bangkala
4640,arungkeke
4639,tompobulu
4638,tombolo pao
4637,tinggimoncong
4636,sungguminasa
4635,somba opu
4634,parangloe
4633,pallangga
4632,bungaya
4631,bontonompo
4630,bontomarannu
4629,biringbulu
4628,barombong
4627,bajeng
4626,maiwa atas
4625,maiwa
4624,enrekang selatan
4623,enrekang
4622,baraka
4621,anggeraja timur
4620,anggeraja
4619,alla timur
4618,alla
4617,ujung loe
4616,ujung bulu
4615,riau ale
4614,kindang
4613,kajang
4612,heralangelange/herlang
4611,hero lange-lange /
4610,gantarangkindang/ganking
4609,gantarang /
4608,bulukumba
4607,bontotiro
4606,bonto bahari
4605,watampone
4604,ulaweng
4603,tonra
4602,tellu siattinge
4601,tellu limpoe
4600,tanete riattang timur
4599,tanete riattang barat
4598,tanete riattang
4597,sibulue
4596,salomekko
4595,ponre
4594,patimpeng
4593,palakka
4592,mare
4591,libureng
4590,lappariaja
4589,lamuru
4588,kajuara
4587,kahu
4586,dua boccoe
4585,cina
4584,cenrana
4583,bontocani
4582,bengo
4581,barebbo
4580,awangpone
4579,amali
4578,ajangale
4577,tanete rilau
4576,tanete riaja
4575,soppeng riaja
4574,pujananting
4573,mallusetasi
4572,barru
4571,balusu
4570,uluere
4569,tompobulu
4568,pajukukang
4567,eremerasa
4566,bissappu
4565,bantaeng
4564,kota utara
4563,kota timur
4562,kota selatan
4561,kota barat
4560,gorontalo
4559,dungingi
4558,taluditi
4557,randangan
4556,popayato
4555,patilanggio
4554,paguat
4553,marisa
4552,lemito
4551,tolingula
4550,sumalata
4549,kwandang
4548,atinggota
4547,anggrek
4546,tolinggula
4545,tolangohula
4544,tibawa
4543,telaga
4542,sumalata
4541,pulubala
4540,mootilango
4539,limboto barat
4538,limboto
4537,bongomeme
4536,boliyohuto
4535,batudaa
4534,atinggola
4533,anggrek
4532,tapa
4531,suwawa
4530,kabila
4529,bone panta
4528,wonosari
4527,tilamuta
4526,paguyaman
4525,mananggu
4524,dulupi
4523,botumoito
4522,tarakan utara
4521,tarakan timur
4520,tarakan tengah
4519,tarakan barat
4518,tarakan
4517,sungai kunjang
4516,samarinda utara
4515,samarinda ulu
4514,samarinda seberang
4513,samarinda ilir
4512,samarinda
4511,palaran
4510,bontang utara
4509,bontang selatan
4508,bontang barat
4507,bontang
4506,balikpapan utara
4505,balikpapan timur
4504,balikpapan tengah
4503,balikpapan selatan
4502,balikpapan barat
4501,balikpapan
4500,tanah tidung
4499,sembakung
4498,tanah lia
4497,sesayap hilir
4496,sesayap
4495,waru
4494,sepaku
4493,penajam
4492,babulu
4491,long kali
4490,kuaro
4489,batu sopang
4488,muara samu
4487,tanah grogot
4486,pasir balengkong
4485,tanjung harapan
4484,batu engau
4483,muara komam
4482,long ikis
4481,sebuku
4480,sebatik
4479,nunukan
4478,lumbis
4477,krayan selatan
4476,krayan
4475,sungai boh
4474,pujungan
4473,mentarang
4472,malinau utara
4471,malinau selatan
4470,malinau barat
4469,malinau
4468,kayan hulu
4467,kayan hilir
4466,teluk pandan
4465,telen
4464,singa gembara
4463,swarga bara
4462,sangkima
4461,sangkulirang
4460,sangatta selatan
4459,sangatta
4458,sandaran
4457,rantau pulung
4456,muara wahau
4455,muara bengkal
4454,muara ancalong
4453,long masengat
4452,kongbeng
4451,kaubun
4450,karangan
4449,kaliorang
4448,busang
4447,bengalon
4446,batu ampar
4445,tenggarong seberang
4444,tenggarong
4443,tabang
4442,samboja
4441,sebulu
4440,sanga-sanga
4439,muara wis
4438,muara muntai
4437,muara kaman
4436,muara jawa
4435,muara badak
4434,marang kayu
4433,loa kulu
4432,loa janan
4431,kota bangun
4430,kenohan
4429,kembang janggut
4428,anggana
4427,sendawar
4426,penyinggahan
4425,nyuwatan
4424,muara pahu
4423,muara lawa
4422,melak
4421,long pahangai
4420,long iram
4419,long hubung
4418,long bagun
4417,long apari
4416,linggang bigung
4415,jempang
4414,damai
4413,bongan
4412,bentian besar
4411,barong tongkok
4410,peso/longpeso
4409,tanjung selor
4408,tanjung palas utara
4407,tanjung palas timur
4406,tanjung palas tengah
4405,tanjung palas barat
4404,tanjung palas
4403,sekatak
4402,pulau bunyu
4401,peso hilir
4400,tubaan
4399,teluk bayur
4398,tanjung redeb
4397,talisayan
4396,segah
4395,sambaliung
4394,pulau derawan
4393,maratua
4392,kelay
4391,gunung tabur
4390,biduk biduk
4389,sebangau
4388,rakumpit
4387,palangkaraya
4386,pahandut
4385,jekan raya
4384,bukit batu
4383,seruyan tengah
4382,seruyan hulu
4381,seruyan hilir
4380,kuala pembuang
4379,hanau
4378,danau sembuluh
4377,sukamara
4376,jelai
4375,balai riam
4374,pulang pisau
4373,pandih batu
4372,maliku
4371,kahayan tengah
4370,kahayan kuala
4369,kahayan hilir
4368,banamatingang
4367,tanah siang
4366,sumber barito
4365,puruk cahu
4364,permata intan
4363,murung
4362,laung tuhup
4361,nanga bulik
4360,lamandau
4359,delang
4358,bulik
4357,sampit
4356,pulau hanaut
4355,parenggean
4354,mentaya hulu
4353,mentaya hilir utara
4352,mentaya hilir selatan
4351,mentawa baru
4350,kota besi
4349,cempaga
4348,baamang
4347,antang kalang
4346,pangkalan banteng
4345,pangkalan lada
4344,pangkalan bun
4343,kumai
4342,kotawaringin lama
4341,arut utara
4340,arut selatan
4339,tewang sangalang garing
4338,tasik payawan
4337,sanaman mantikei
4336,pulau malan
4335,mendawai
4334,marikit
4333,katingan tengah
4332,katingan kuala
4331,katingan hulu
4330,katingan hilir
4329,kasongan
4328,kamipang
4327,timpah
4326,selat
4325,pulau petak
4324,mantangai
4323,kuala kapuas
4322,kapuas timur
4321,kapuas tengah
4320,kapuas murung
4319,kapuas kuala
4318,kapuas hulu
4317,kapuas hilir
4316,kapuas barat
4315,basarang
4314,tewah
4313,sepang
4312,rungan
4311,munuhing
4310,kurun
4309,kahayan hulu utara
4308,teweh timur
4307,teweh tengah
4306,muara teweh
4305,montalat
4304,lahei
4303,gunung timang
4302,gunung purei
4301,tamiang layang
4300,pematang karau
4299,patangkep tutui
4298,dusun timur
4297,dusun tengah
4296,benua lima
4295,awang
4294,karau kuala
4293,jenamas
4292,gunung bintang awai
4291,dusun utara
4290,dusun selatan
4289,dusun hilir
4288,buntok
4287,banjarmasin utara
4286,banjarmasin timur
4285,banjarmasin tengah
4284,banjarmasin selatan
4283,banjarmasin barat
4282,banjarmasin
4281,landasan ulin
4280,cempaka
4279,banjar baru
4278,salam babaris
4277,rantau
4276,hatungun
4275,tapin utara
4274,tapin tengah
4273,tapin selatan
4272,piani
4271,lokpaikat
4270,candi laras utara
4269,candi laras selatan
4268,bungur
4267,binuang
4266,bakarangan
4265,sungai danau (desa)
4264,sungai loban
4263,satui
4262,kusan hulu
4261,kusan hilir
4260,batu licin
4259,upau
4258,tanta
4257,tanjung
4256,pugaan
4255,murung pudak
4254,muara uya
4253,muara harus
4252,kelua
4251,jaro
4250,haruai
4249,bintang ara
4248,banua lawas
4247,tambang ulang
4246,takisung
4245,pelaihari
4244,panyipatan
4243,kurau
4242,kintap
4241,jorong
4240,batu ampar
4239,bati bati
4238,sungai durian
4237,sampanahan
4236,pulau sembilan
4235,pulau sebuku
4234,pulau laut utara
4233,pulau laut timur
4232,pulau laut selatan
4231,pulau laut barat
4230,pamukan utara
4229,pamukan selatan
4228,kota baru
4227,kelumpang utara
4226,kelumpang tengah
4225,kelumpang selatan
4224,kelumpang hulu
4223,hampang
4222,sungai pandan
4221,danau panggang
4220,banjang
4219,babirik
4218,amuntai utara
4217,amuntai tengah
4216,amuntai selatan
4215,amuntai
4214,pandawan
4213,labuan amas utara
4212,labuan amas selatan
4211,haruyan
4210,hantakan
4209,batu benawa
4208,batang alai utara
4207,batang alai tengah
4206,batang alai selatan
4205,barabai
4204,telaga langsat
4203,sungai raya
4202,simpur
4201,padang batung
4200,loksado
4199,kandangan
4198,kalumpang
4197,daha utara
4196,daha selatan
4195,daha barat
4194,angkinang
4193,wanaraya
4192,tamban
4191,tabunganen
4190,tabukan
4189,rantau badauh
4188,mekar sari
4187,marabahan
4186,mandastana
4185,kuripan
4184,cerbon
4183,belawang
4182,barambai
4181,bakumpai
4180,anjir pasar
4179,anjir muara
4178,alalak
4177,sungai tabuk
4176,sungai pinang
4175,simpang empat
4174,pengaron
4173,mataraman
4172,martapura
4171,kertak hanyar
4170,karang intan
4169,gambut
4168,astambul
4167,aranio
4166,aluh aluh
4165,paringin
4164,lampihong
4163,juai
4162,halong
4161,batu mandi
4160,awayan
4159,singkawang tengah
4158,singkawang timur
4157,singkawang selatan
4156,singkawang utara
4155,singkawang barat
4154,singkawang
4153,pontianak utara
4152,pontianak timur
4151,pontianak tenggara
4150,pontianak selatan
4149,pontianak kota
4148,pontianak barat
4147,pontianak
4146,teluk pakedai
4145,sungai raya
4144,sui. kakap
4143,kuala mandor b.
4142,sui ambawang
4141,terentang
4140,rasau jaya
4139,sui raya
4138,kubu raya
4137,batu ampar
4136,tempunak
4135,sungai tebelian
4134,sintang
4133,sepauk
4132,ketungau tengah
4131,ketungau hulu
4130,ketungau hilir
4129,kelam permai
4128,kayan hulu
4127,kayan hilir
4126,dedai
4125,binjai hulu
4124,ambalau
4123,sekadau hulu
4122,sekadau hilir
4121,nanga taman
4120,nanga mahap
4119,belitang hulu
4118,belitang hilir
4117,belitang
4116,toba
4115,tayan hulu
4114,tayan hilir
4113,sekayam
4112,sanggau
4111,parindu
4110,noyan
4109,mukok
4108,meliau
4107,kembayan
4106,jangkang
4105,entikong
4104,bonti
4103,beduwai
4102,balai
4101,teluk keramat
4100,tekarang
4099,tebas
4098,tanggaran
4097,subah
4096,semparuk
4095,selakau
4094,sejangkung
4093,sebawi
4092,sajad
4091,sambas
4090,sajingan
4089,pemangkat
4088,paloh
4087,jawai selatan
4086,jawai
4085,galing
4084,toho
4083,telok pa'kedai
4082,sungai raya
4081,sungai pinyuh
4080,sungai kunyit
4079,sungai kakap
4078,sungai ambawang
4077,siantan/ wajok
4076,rasau jaya
4075,mempawah
4074,kubu
4073,tanah pinoh
4072,sokan
4071,serawai
4070,sayan
4069,nanga pinoh
4068,menukung
4067,ella hilir
4066,belimbing
4065,ambalau
4064,sengah temila
4063,sebangki
4062,ngabang
4061,meranti
4060,menyuke
4059,menjalin
4058,mempawah hulu
4057,mandor
4056,kuala behe
4055,air besar
4054,seponti jaya
4053,teluk batang
4052,sukadana
4051,simpang hilir
4050,pulau maya karimata
4049,tumbang titi
4048,sungai laur
4047,singkup
4046,simpang hulu
4045,simpang dua
4044,sandai
4043,pemaham
4042,nanga tayap
4041,muara pawan
4040,matan hilir utara
4039,matan hilir selatan
4038,marau
4037,manis mata
4036,ketapang
4035,kendawangan
4034,jelai hulu
4033,hulu sungai
4032,delta pawan
4031,air upas
4030,benua kayong
4029,suhaid
4028,silat hulu
4027,silat hilir
4026,semitau
4025,selimbau
4024,seberuang
4023,putussibau
4022,puring kencana
4021,mentebah
4020,manday
4019,kedamin
4018,kalis
4017,hulu gurung
4016,empanang
4015,embau
4014,embaloh hulu
4013,embaloh hilir
4012,bunut hulu
4011,bunut hilir
4010,boyan tanjung
4009,batu datu
4008,batang lupar
4007,badau
4006,teriak
4005,suti semarang
4004,sungai raya
4003,seluas
4002,sanggau ledo
4001,samalantan
4000,monterado
3999,ledo
3998,jagoi babang
3997,bengkayang
3996,oebobo
3995,maulafa
3994,kupang
3993,kelapa lima
3992,alak
3991,neomuti
3990,miomafo timur
3989,miomafo barat
3988,kefamenanu
3987,insana utara
3986,insana
3985,biboki utara
3984,biboki selatan
3983,biboki anleu
3982,tionas
3981,polen
3980,oenino
3979,nunkolo
3978,mollo utara
3977,mollo selatan
3976,kuan fatu
3975,kualin
3974,kot'olin
3973,soe
3972,kie
3971,kalbano
3970,fatumnasi
3969,boking
3968,batu putih
3967,amanuban selatan
3966,amanuban barat
3965,amanatun utara
3964,amanatun timur
3963,amanatun tengah
3962,amanatun selatan
3961,wulla waijelu
3960,umalulu
3959,tabundung
3958,rindi
3957,pinu pahar
3956,pandawai
3955,pahunga lodu
3954,paberiwai
3953,nggaha oriangu
3952,matawai lapau
3951,lewa
3950,waingapu
3949,karera
3948,kahaungu eti
3947,haharu
3946,waibakul
3945,umbu ratu nggay barat
3944,umbu ratu nggay
3943,mamboro
3942,katikutana
3941,wewewa utara
3940,wewewa timur
3939,wewewa selatan
3938,wewewa barat
3937,tambolaka
3936,laura
3935,kodi utara
3934,kodi bangedo
3933,kodi
3932,walakaka
3931,waikabubak
3930,laratama
3929,waigete
3928,talibura
3927,palue
3926,paga
3925,nitta
3924,mego
3923,maumere
3922,lela
3921,kewapante
3920,bola
3919,alok
3918,rote timur
3917,rote tengah
3916,rote barat laut
3915,rote barat daya
3914,pantai baru
3913,lobalain
3912,baa
3911,golewa
3910,wogomang ulewa
3909,soa
3908,riung
3907,riung barat
3906,ngada bawa
3905,jere buu
3904,bajawa
3903,aimere
3902,aesesa selatan
3901,wolo wae
3900,keo tengah
3899,nangaroro
3898,mauponggo
3897,boawae
3896,aesesa
3895,mbay
3894,sambi rampas
3893,elar
3892,lamba leda
3891,lomba
3890,borong
3889,poco ranaka
3888,sanonggoang
3887,macang pacar
3886,lembor
3885,labuan bajo
3884,kuwus
3883,komodo
3882,ruteng
3881,wae rii
3880,satarmese
3879,sambi rambas
3878,ponco ranaka
3877,mborong
3876,lambaleda
3875,komba
3874,cibal
3873,reo
3872,wulandoni
3871,nagawutung
3870,atadei
3869,nubatukan
3868,ile ape
3867,lembata
3866,lebatukan
3865,omesuri
3864,buyasuri
3863,takari
3862,taebenu
3861,sulamu
3860,semau selatan
3859,semau
3858,sabu timur
3857,sabu liae
3856,sabu barat
3855,raijua
3854,oelamasi
3853,nekemese
3852,kupang timur
3851,kupang tengah
3850,kupang barat
3849,hawu mehara
3848,fatuleu tengah
3847,fatuleu barat
3846,fatuleu
3845,amfoang utara
3844,amfoang selatan
3843,amfoang barat laut
3842,amfoang barat daya
3841,amarasi
3840,amarasi timur
3839,amarasi selatan
3838,amarasi barat
3837,amabioefeto timur
3836,wulanggitan
3835,wotan ulu mado
3834,witihama
3833,titihena
3832,tanjung bunga
3831,solor timur
3830,solor barat
3829,larantuka
3828,kelubagolit
3827,ile mandiri
3826,ile boleng
3825,adonara timur
3824,adonara barat
3823,wolojita
3822,wolo waru
3821,wewaria
3820,pulau ende
3819,ndona
3818,ndona timur
3817,nanga panda
3816,maukaro
3815,magekoba/maurole
3814,lio timur
3813,kotabaru
3812,kelimutu
3811,ende
3810,ende utara
3809,ende timur
3808,ende tengah
3807,ende selatan
3806,detusoko
3805,detukeli
3804,tasifeto timur
3803,tasefeto barat
3802,sasita mean
3801,rinhat
3800,raihat
3799,malaka timur
3798,malaka tengah
3797,malaka barat
3796,lamakmen
3795,kobalima
3794,kakuluk mesak
3793,atambua
3792,teluk mutiara
3791,pantar
3790,pantar barat
3789,kalabahi
3788,alor timur
3787,alor timur laut
3786,alor tengah utara
3785,alor selatan
3784,alor barat laut
3783,alor barat daya
3782,mpunda
3781,raba
3780,rasanae timur
3779,rasanae barat
3778,bima
3777,asakota
3776,mataram
3775,cakranegara
3774,ampenan
3773,brang rea
3772,seteluk
3771,sekongkang
3770,jereweh
3769,taliwang
3768,utan-rhee
3767,sumbawa
3766,sumbawa besar
3765,ropang
3764,plampang
3763,moyohulu
3762,moyohilir
3761,lunyuk
3760,lape-lopok
3759,labuhan badas
3758,labangka
3757,empang
3756,batu lanteh
3755,alas
3754,alas barat
3753,wanasaba
3752,terara
3751,suralaga
3750,sukamulia
3749,suela
3748,sikur
3747,sembalun
3746,selong
3745,sambelia
3744,sakra
3743,sakra timur
3742,sakra barat
3741,pringgasela
3740,pringgabaya
3739,montong gading
3738,mas bagik
3737,labuhan haji
3736,keruak
3735,jerowaru
3734,aikmel
3733,pujut
3732,pringgarata
3731,praya
3730,praya timur
3729,praya tengah
3728,praya barat
3727,praya barat daya
3726,kopang
3725,jonggat
3724,janapria
3723,batukliang
3722,batukliang utara
3721,tanjung
3720,sekotong tengah
3719,pemenang
3718,narmada
3717,lingsar
3716,lembar
3715,labu api
3714,kuripan
3713,kediri
3712,kayangan
3711,gunung sari
3710,gerung
3709,gangga
3708,bayan
3707,batu layar
3706,kempo
3705,woja
3704,pekat
3703,pajo
3702,manggelewa
3701,kilo
3700,hu'u
3699,dompu
3698,woha
3697,wera
3696,wawo
3695,tambora
3694,sape
3693,sanggar
3692,monta
3691,mada pangga
3690,langgudu
3689,lambu
3688,donggo
3687,bolo
3686,belo
3685,ambalawi
3684,denpasar timur
3683,denpasar selatan
3682,denpasar barat
3681,denpasar
3680,tabanan
3679,selemadeg timur
3678,selemadeg barat
3677,selemadeg
3676,pupuan
3675,penebel
3674,marga
3673,kerambitan
3672,kediri
3671,baturiti
3670,nusapenida
3669,klungkung
3668,dawan
3667,banjarangkan
3666,sidemen
3665,selat
3664,rendang
3663,manggis
3662,kubu
3661,karangasem
3660,bebandem
3659,amlapura
3658,abang
3657,pekutatan
3656,negara
3655,mendoyo
3654,melaya
3653,gilimanuk (desa)
3652,ubud
3651,tegal lalang
3650,tampaksiring
3649,sukawati
3648,payangan
3647,gianyar
3646,blahbatuh
3645,tejakula
3644,sukasada
3643,singaraja
3642,seririt
3641,sawan
3640,kubutambahan
3639,gerokgak
3638,busung biu
3637,buleleng
3636,banjar
3635,tembuku
3634,susut
3633,kintamani
3632,bangli
3631,petang
3630,mengwi
3629,nusa dua
3628,jimbaran
3627,sanur
3626,ngurah rai
3625,legian
3624,kuta
3623,abiansemal
3622,wirobrajan
3621,yogyakarta
3620,umbulharjo
3619,tegalrejo
3618,pakualaman
3617,ngampilan
3616,mergangsan
3615,mantrijeron
3614,kraton
3613,kotagede
3612,jetis
3611,gondomanan
3610,gondokusuman
3609,gedongtengen
3608,danurejan
3607,turi
3606,tempel
3605,sleman
3604,seyegan
3603,prambanan
3602,pakem
3601,ngemplak
3600,ngaglik
3599,moyudan
3598,mlati
3597,minggir
3596,kalasan
3595,godean
3594,gamping
3593,depok
3592,cangkringan
3591,berbah
3590,wates
3589,temon
3588,sentolo
3587,samigaluh
3586,pengasih
3585,panjatan
3584,nanggulan
3583,lendah
3582,kokap
3581,kalibawang
3580,galur
3579,girimulyo
3578,wonosari
3577,tepus
3576,tanjungsari
3575,semin
3574,semanu
3573,saptosari
3572,rongkop
3571,purwosari
3570,ponjong
3569,playen
3568,patuk
3567,panggang
3566,paliyan
3565,nglipar
3564,ngawen
3563,karangmojo
3562,girisubo
3561,gedangsari
3560,srandakan
3559,sewon
3558,sedayu
3557,sanden
3556,pundong
3555,pleret
3554,piyungan
3553,pandak
3552,pajangan
3551,kretek
3550,kasihan
3549,jetis
3548,imogiri
3547,dlingo
3546,bantul
3545,banguntapan
3544,bambanglipuro
3543,wonokromo
3542,wonocolo
3541,wiyung
3540,tenggilis mejoyo
3539,tegalsari
3538,tandes
3537,tambaksari
3536,surabaya
3535,sukomanunggal
3534,sukolilo
3533,simokerto
3532,semampir
3531,sawahan
3530,sambikerep
3529,rungkut
3528,pakal
3527,pabean cantikan
3526,mulyorejo
3525,lakarsantri
3524,krembangan
3523,kenjeran
3522,karangpilang
3521,jambangan
3520,gununganyar
3519,gubeng
3518,genteng
3517,gayungan
3516,dukuh pakis
3515,bulak
3514,bubutan
3513,benowo
3512,asemrowo
3511,wonoasih
3510,mayangan
3509,kanigaran
3508,kademangan
3507,dupok
3506,purworejo
3505,pasuruan
3504,gadingrejo
3503,bugulkidul
3502,parajurit kulon
3501,magersari
3500,sukun
3499,malang
3498,lowokwaru
3497,klojen
3496,kedungkandang
3495,blimbing
3494,taman
3493,manguharjo
3492,madiun
3491,kartoharjo
3490,pesantren
3489,mojoroto
3488,kediri kota
3487,sukorejo
3486,sananwetan
3485,kepanjenkidul
3484,junrejo
3483,bumiaji
3482,batu
3481,tulungagung
3480,tanggung gunung
3479,sumbergempol
3478,sendang
3477,rejotangan
3476,pucanglaban
3475,pakel
3474,pagerwojo
3473,ngunut
3472,ngantru
3471,kauman
3470,karangrejo
3469,kalidawir
3468,kedungwaru
3467,gondang
3466,campurdarat
3465,boyolangu
3464,besuki
3463,bandung
3462,widang
3461,tuban
3460,tambakboyo
3459,soko
3458,singgahan
3457,senori
3456,semanding
3455,rengel
3454,plumpang
3453,parengan
3452,palang
3451,montong
3450,merakurak
3449,kerek
3448,kenduruan
3447,jenu
3446,jatirogo
3445,grabagan
3444,bangilan
3443,bancar
3442,watulimo
3441,tugu
3440,trenggalek
3439,suruh
3438,pule
3437,pogalan
3436,panggul
3435,munjungan
3434,karangan
3433,kampak
3432,gandusari
3431,durenan
3430,dongko
3429,bendungan
3428,talango
3427,saronggi
3426,sapeken
3425,rubaru
3424,raas
3423,pragaan
3422,pasongsongan
3421,nonggunong
3420,masalembu
3419,manding
3418,lenteng
3417,sumenep
3416,kangean
3415,kalianget
3414,guluk-guluk
3413,giligenteng
3412,gayam
3411,gapura
3410,ganding
3409,dungkek
3408,dasuk
3407,bluto
3406,batuputih
3405,batuan
3404,batang batang
3403,arjasa
3402,ambunten
3401,sumber malang
3400,suboh
3399,situbondo
3398,panji
3397,panarukan
3396,mlandingan
3395,mangaran
3394,kendit
3393,kapongan
3392,jatibanteng
3391,jangkar
3390,bungatan
3389,besuki
3388,banyuputih
3387,banyugluglur
3386,asembagus
3385,arjasa
3384,wonoayu
3383,waru
3382,tulangan
3381,tarik
3380,tanggulangin
3379,taman
3378,sukodono
3377,sidoarjo
3376,sedati
3375,prambon
3374,porong
3373,krian
3372,krembung
3371,jabon
3370,gedangan
3369,candi
3368,buduran
3367,balongbendo
3366,torjun
3365,tambelangan
3364,sreseh
3363,sokobanah
3362,sampang
3361,robatal
3360,omben
3359,ketapang
3358,kedungdung
3357,jrengik
3356,camplong
3355,banyuates
3354,wonomerto
3353,tongas
3352,tiris
3351,tegalsiwalan
3350,sumberasih
3349,sumber
3348,sukapura
3347,probolinggo
3346,pakuniran
3345,pajarakan
3344,paiton
3343,maron
3342,lumbang
3341,leces
3340,kuripan
3339,krucil
3338,krejengan
3337,kraksaan
3336,kotaanyar
3335,gending
3334,gading
3333,dringu
3332,besuk
3331,banyuanyar
3330,bantaran
3329,sukorejo
3328,sooko
3327,slahung
3326,siman
3325,sawoo
3324,sampung
3323,sambit
3322,pulung
3321,pudak
3320,ponorogo
3319,ngrayun
3318,ngebel
3317,mlarak
3316,kauman
3315,jetis
3314,jenangan
3313,jambon
3312,bungkal
3311,balong
3310,badegan
3309,babadan
3308,wonorejo
3307,winongan
3306,tutur
3305,tosari
3304,sukorejo
3303,rembang
3302,rejoso
3301,puspo
3300,purwosari
3299,purwodadi
3298,prigen
3297,pohjentrek
3296,pasrepan
3295,pandaan
3294,nongko jajar
3293,nguling
3292,lumbang
3291,lekok
3290,kraton
3289,kejayan
3288,kedawung
3287,grati
3286,gondang wetan
3285,gempol
3284,beji
3283,bangil
3282,waru
3281,tlanakan
3280,proppo
3279,pegantenan
3278,pasean
3277,pamekasan
3276,palengaan
3275,pakong
3274,pademawu
3273,larangan
3272,kadur
3271,galis
3270,batu marmar
3269,tulakan
3268,tegalombo
3267,sudimoro
3266,punung
3265,pringkuku
3264,pacitan
3263,ngadirojo
3262,nawangan
3261,kebonagung
3260,donorojo
3259,bandar
3258,arjosari
3257,widodaren
3256,sine
3255,pitu
3254,paron
3253,pangkur
3252,padas
3251,ngrambe
3250,ngawi
3249,mantingan
3248,kwadungan
3247,kendungan
3246,kendal
3245,kedunggalar
3244,karangjati
3243,karanganyar
3242,jogorogo
3241,geneng
3240,bringin
3239,wilangan
3238,tanjunganom
3237,sukomoro
3236,sawahan
3235,rejoso
3234,prambon
3233,patianrowo
3232,pace
3231,ngronggot
3230,ngluyu
3229,ngetos
3228,nganjuk
3227,loceret
3226,lengkong
3225,kertosono
3224,jatikalen
3223,gondang
3222,berbek
3221,baron
3220,bagor
3219,trowulan
3218,trawas
3217,sooko
3216,puri
3215,pungging
3214,pacet
3213,ngoro
3212,mojosari
3211,mojokerto
3210,mojoanyar
3209,kutorejo
3208,kemlagi
3207,jetis
3206,jatirejo
3205,gondang
3204,gedeg
3203,dlanggu
3202,dawarblandong
3201,bangsal
3200,wonosari
3199,wajak
3198,wagir
3197,turen
3196,tumpang
3195,tirtoyudo
3194,tajinan
3193,sumberpucung
3192,singosari
3191,sumbermanjing wetan
3190,pujon
3189,poncokusumo
3188,pakisaji
3187,pakis
3186,pagelaran
3185,pagak
3184,ngantang
3183,ngajum
3182,lawang
3181,kromengan
3180,kepanjen
3179,kasembon
3178,karangploso
3177,kalipare
3176,jabung
3175,gondanglegi
3174,gedangan
3173,donomulyo
3172,dau
3171,dampit
3170,bululawang
3169,bantur
3168,ampelgading
3167,takeran
3166,sukomoro
3165,poncol
3164,plaosan
3163,parang
3162,panekan
3161,nguntoronadi
3160,ngariboyo
3159,maospati
3158,magetan
3157,lembeyan
3156,kawedanan
3155,kartoharjo
3154,karas
3153,karangrejo
3152,bendo
3151,barat
3150,wungu
3149,wonoasri
3148,sawahan
3147,saradan
3146,pilangkenceng
3145,mejayan
3144,madiun
3143,kebonsari
3142,kare
3141,jiwan
3140,gemarang
3139,geger
3138,dolopo
3137,dagangan
3136,caruban
3135,balerejo
3134,yosowilangun
3133,tempursari
3132,tempeh
3131,tekung
3130,sumbersoko
3129,sukodono
3128,senduro
3127,rowokangkung
3126,ranuyoso
3125,randuagung
3124,pronojiwo
3123,pasrujambe
3122,pasirian
3121,padang
3120,lumajang
3119,kunir
3118,klakah
3117,kedungjajang
3116,jatiroto
3115,gucialit
3114,candipuro
3113,turi
3112,tikung
3111,sukorame
3110,sukodadi
3109,sugio
3108,solokuro
3107,sekaran
3106,sarirejo
3105,sambeng
3104,pucuk
3103,paciran
3102,ngimbang
3101,modo
3100,mantup
3099,maduran
3098,laren
3097,lamongan
3096,kembangbahu
3095,kedungpring
3094,karanggeneng
3093,karangbinangun
3092,kalitengah
3091,glagah
3090,deket
3089,brondong
3088,bluluk
3087,babat
3086,wates
3085,tarokan
3084,semen
3083,ringinrejo
3082,purwoasri
3081,puncu
3080,plosoklaten
3079,plemahan
3078,pare
3077,papar
3076,pagu
3075,ngancar
3074,ngadiluwih
3073,mojo
3072,kunjang
3071,kras
3070,kepung
3069,kediri
3068,kayen kidul
3067,kandat
3066,kandangan
3065,gurah
3064,grogol
3063,gampengrejo
3062,banyakan
3061,wonosalam
3060,tembelang
3059,sumobito
3058,ploso
3057,plandaan
3056,peterongan
3055,perak
3054,ngusikan
3053,ngoro
3052,mojowarno
3051,mojoagung
3050,megaluh
3049,kudu
3048,kesamben
3047,kabuh
3046,jombang
3045,jogoroto
3044,gudo
3043,diwek
3042,bareng
3041,bandar kedungmulyo
3040,wuluhan
3039,umbulsari
3038,tempurejo
3037,tanggul
3036,sumbersari
3035,sumberjambe
3034,sumberbaru
3033,sukowono
3032,sukorambi
3031,silo
3030,semboro
3029,rambipuji
3028,puger
3027,patrang
3026,panti
3025,pakusari
3024,mumbulsari
3023,mayang
3022,ledokombo
3021,kencong
3020,kaliwates
3019,kalisat
3018,jombang
3017,jenggawah
3016,jember
3015,jelbuk
3014,gumukmas
3013,bangsalsari
3012,balung
3011,arjasa
3010,ambulu
3009,ajung
3008,wringinanom
3007,ujung pangkah
3006,tambak
3005,sidayu
3004,sangkapura
3003,panceng
3002,menganti
3001,manyar
3000,kedamean
2999,kebomas
2998,gresik
2997,dukun
2996,duduk sampeyan
2995,driyorejo
2994,cerme
2993,bungah
2992,benjeng
2991,balongpanggang
2990,wringin
2989,wonosari
2988,tlogosari
2987,tenggarang
2986,tegalampel
2985,tapen
2984,tamanan
2983,sumberwringin
2982,sukosari
2981,sempol
2980,pujer
2979,prajekan
2978,pakem
2977,maesan
2976,klabang
2975,grujugan
2974,curahdami
2973,cermee
2972,bondowoso
2971,binakal
2970,trucuk
2969,temayang
2968,tambakrejo
2967,sumberejo
2966,sukosewu
2965,sugihwaras
2964,sekar
2963,purwosari
2962,padangan
2961,ngraho
2960,ngasem
2959,ngambon
2958,margomulyo
2957,malo
2956,kepohbaru
2955,kedungadem
2954,kedewan
2953,kasiman
2952,kapas
2951,kanor
2950,kalitidu
2949,gondang
2948,dander
2947,bubulan
2946,bojonegoro
2945,baureno
2944,balen
2943,wonotirto
2942,wonodadi
2941,wlingi
2940,wates
2939,udanawu
2938,talun
2937,sutojayan
2936,srengat
2935,selorejo
2934,selopuro
2933,sanankulon
2932,ponggok
2931,panggungrejo
2930,nglegok
2929,kesamben
2928,kanigoro
2927,kademangan
2926,garum
2925,gandusari
2924,doko
2923,blitar
2922,binangun
2921,bakung
2920,wongsorejo
2919,tegalsari
2918,tegaldlimo
2917,srono
2916,songgon
2915,singojuruh
2914,siliragung
2913,sempu
2912,rogojampi
2911,purwoharjo
2910,pesanggaran
2909,muncar
2908,licin
2907,kalipuro
2906,kalibaru
2905,kabat
2904,glenmore
2903,glagah
2902,giri
2901,genteng
2900,gambiran
2899,cluring
2898,banyuwangi
2897,bangorejo
2896,tragah
2895,tanjungbumi
2894,tanah merah
2893,socah
2892,sepulu
2891,modung
2890,labang
2889,kwanyar
2888,konang
2887,kokop
2886,klampis
2885,kamal
2884,geger
2883,galis
2882,burneh
2881,balega
2880,bangkalan
2879,arosbaya
2878,tegal timur
2877,tegal selatan
2876,tegal barat
2875,margadana
2874,tegal
2873,pekalongan utara
2872,pekalongan timur
2871,pekalongan selatan
2870,pekalongan barat
2869,pekalongan
2868,tugu
2867,tembalang
2866,semarang utara
2865,semarang timur
2864,semarang tengah
2863,semarang selatan
2862,semarang barat
2861,pedurungan
2860,ngaliyan
2859,mijen
2858,gunungpati
2857,genuk
2856,gayamsari
2855,gajahmungkur
2854,candisari
2853,banyumanik
2852,semarang
2851,tingkir
2850,sidorejo
2849,sidomukti
2848,argomulyo
2847,salatiga
2846,serengan
2845,pasar kliwon
2844,laweyan
2843,jebres
2842,banjarsari
2841,solo
2840,magelang utara
2839,magelang tengah
2838,magelang selatan
2837,magelang
2836,wonosobo
2835,watumalang
2834,wadaslintang
2833,sukoharjo
2832,selomerto
2831,sapuran
2830,mojotengah
2829,leksono
2828,kertek
2827,kepil
2826,kejajar
2825,kaliwiro
2824,kalikajar
2823,kalibawang
2822,garung
2821,wuryantoro
2820,wonogiri
2819,tirtomoyo
2818,slogohimo
2817,sidoharjo
2816,selogiri
2815,purwantoro
2814,puhpelem
2813,pracimantoro
2812,paranggupito
2811,nguntoronadi
2810,ngadirojo
2809,manyaran
2808,kismantoro
2807,karangtengah
2806,jatisrono
2805,jatiroto
2804,jatipurno
2803,giriwoyo
2802,giritontro
2801,girimarto
2800,eromoko
2799,bulukerto
2798,batuwarno
2797,baturetno
2796,wonoboyo
2795,tretep
2794,tlogomulyo
2793,tembarak
2792,temanggung
2791,selopampang
2790,pringsurat
2789,parakan
2788,ngadirejo
2787,kranggan
2786,kledung
2785,kedu
2784,kandangan
2783,kaloran
2782,jumo
2781,gemawang
2780,candiroto
2779,bulu
2778,bejen
2777,bansari
2776,warureja
2775,tarub
2774,talang
2773,suradadi
2772,slawi
2771,pangkah
2770,pagerbarang
2769,margasari
2768,lebaksiu
2767,kramat
2766,kedungbanteng
2765,jatinegara
2764,dukuhwaru
2763,dukuhturi
2762,bumijawa
2761,bojong
2760,balapulang
2759,adiwerna
2758,weru
2757,tawangsari
2756,sukoharjo
2755,polokarto
2754,nguter
2753,mojolaban / palur
2752,kartasura
2751,grogol
2750,gatak
2749,bulu
2748,bendosari
2747,baki
2746,tanon
2745,tangen
2744,sumberlawang
2743,sukodono
2742,sragen
2741,sidoharjo
2740,sambungmacan
2739,sambirejo
2738,plupuh
2737,ngrampal
2736,mondokan
2735,miri
2734,masaran
2733,kedawung
2732,karangmalang
2731,kalijambe
2730,jenar
2729,gondang
2728,gesi
2727,gemolong
2726,ungaran timur
2725,ungaran barat
2724,ungaran
2723,tuntang
2722,tengaran
2721,sumowono
2720,suruh
2719,susukan
2718,pringapus
2717,pabelan
2716,kaliwungu
2715,jambu
2714,getasan
2713,bringin
2712,bergas
2711,bawen / doplang
2710,bancak
2709,banyubiru
2708,ambarawa
2707,sumber
2706,sulang
2705,sluke
2704,sedan
2703,sarang
2702,sale
2701,rembang
2700,pancur
2699,pamotan
2698,lasem
2697,kragan
2696,kaliori
2695,gunem
2694,bulu
2693,purworejo
2692,purwodadi
2691,pituruh
2690,ngombol
2689,loano
2688,kutoarjo
2687,kemiri
2686,kaligesing
2685,grabag
2684,gebang
2683,butuh
2682,bruno
2681,bener
2680,bayan
2679,banyuurip
2678,bagelen
2677,rembang
2676,purbalingga
2675,pengadegan
2674,padamara
2673,mrebet
2672,kutasari
2671,kertanegara
2670,kemangkon
2669,kejobong
2668,karangreja
2667,karangmoncol
2666,karangjambu
2665,karanganyar
2664,kalimanah
2663,kaligondang
2662,bukateja
2661,bojongsari
2660,bobotsari
2659,watukumpul
2658,warungpring
2657,ulujami
2656,taman
2655,randudongkal
2654,pulosari
2653,petarukan
2652,pemalang
2651,moga
2650,comal
2649,bodeh
2648,belik
2647,bantarbolang
2646,ampelgading
2645,wonopringgo
2644,wonokerto
2643,wiradesa
2642,tirto
2641,talun
2640,sragi
2639,siwalan
2638,petungkriono
2637,paninggaran
2636,lebakbarang
2635,kesesi
2634,kedungwuni
2633,karangdadap
2632,karanganyar
2631,kandangserang
2630,kajen
2629,doro
2628,buaran
2627,bojong
2626,winong
2625,wedarijaksa
2624,trangkil
2623,telogowungu
2622,tayu
2621,tambakromo
2620,sukolilo
2619,pucakwangi
2618,pati
2617,margoyoso
2616,margorejo
2615,kayen
2614,juwana
2613,jakenan
2612,jaken
2611,gunungwungkal
2610,gembong
2609,gabus
2608,dukuhseti
2607,cluwak
2606,batangan
2605,windusar
2604,tempuran
2603,tegalrejo
2602,srumbung
2601,secang
2600,sawangan
2599,salaman
2598,salam
2597,pakis
2596,ngluwar
2595,ngablak
2594,muntilan
2593,mungkid
2592,mertoyudan
2591,kaliangkrik
2590,kajoran
2589,grabag
2588,dukun
2587,candimulyo
2586,borobudur
2585,bandongan
2584,undaan
2583,mejobo
2582,kudus
2581,kaliwungu
2580,jekulo
2579,jati
2578,gebog
2577,dawe
2576,bae
2575,wonosari
2574,wedi
2573,tulung
2572,trucuk
2571,prambanan
2570,polanharjo
2569,pedan
2568,ngawen
2567,manisrenggo
2566,klaten utara
2565,klaten tengah
2564,klaten selatan
2563,klaten
2562,kemalang
2561,kebonarum
2560,karangnongko
2559,karangdowo
2558,karanganom
2557,kalikotes
2556,juwiring
2555,jogonalan
2554,jatinom
2553,gantiwarno
2552,delanggu
2551,ceper
2550,cawas
2549,bayat
2548,weleri
2547,sukorejo
2546,singorojo
2545,rowosari /weleri utara
2544,ringinarum
2543,plantungan
2542,pegandon
2541,patebon
2540,patean
2539,pagerruyung
2538,ngampel
2537,limbangan
2536,kendal
2535,kangkung
2534,kaliwungu
2533,gemuh
2532,cepiring
2531,brangsong
2530,boja
2529,sruweng
2528,sempor
2527,sadang
2526,rowokele
2525,puring
2524,prembun
2523,poncowarno
2522,petanahan
2521,pejagoan
2520,padureso
2519,mirit
2518,kuwarasan
2517,kutowinangun
2516,klirong
2515,kebumen
2514,karangsambung
2513,karanggayam
2512,karanganyar
2511,gombong
2510,bulupesantren
2509,buayan
2508,bonorowo
2507,ayah
2506,ambal
2505,aliyan
2504,adimulyo
2503,tawangmangu
2502,tasikmadu
2501,ngargoyoso
2500,mojogedang
2499,matesih
2498,kerjo
2497,kebakkramat
2496,karangpandan
2495,karanganyar
2494,jumapolo
2493,jumantono
2492,jenawi
2491,jatiyoso
2490,jatipuro
2489,jaten
2488,gondangrejo
2487,colomadu
2486,welahan
2485,tahunan
2484,pecangaan
2483,nalumsari
2482,mlonggo
2481,mayong
2480,kembang
2479,keling
2478,kedung
2477,karimunjawa
2476,kalinyamatan
2475,jepara
2474,batealit
2473,bangsri
2472,wirosari
2471,toroh
2470,tegowanu
2469,tawangharjo
2468,tanggungharjo
2467,purwodadi
2466,pulokulon
2465,penawangan
2464,ngaringan
2463,kradenan
2462,klambu
2461,kedungjati
2460,karangrayung
2459,gubug
2458,grobogan
2457,godong
2456,geyer
2455,gabus
2454,brati
2453,wonosalam
2452,wedung
2451,sayung
2450,mranggen
2449,mijen
2448,kebonagung
2447,karangtengah
2446,karangawen
2445,karanganyar
2444,guntur
2443,gajah
2442,dempet
2441,demak
2440,bonang
2439,kedungrejo
2438,wanareja
2437,sidareja
2436,sampang
2435,patimuan
2434,nusawungu
2433,maos
2432,majenang
2431,kroya
2430,kesugihan
2429,kawunganten
2428,karangpucung
2427,kampung laut
2426,jeruklegi
2425,gandrungmangu
2424,dayeuhluhur
2423,cipari
2422,cimanggu
2421,cilacap utara
2420,cilacap tengah
2419,cilacap selatan
2418,cilacap
2417,binangun
2416,bantarsari
2415,adipala
2414,wanasari
2413,tonjong
2412,tanjung
2411,songgom
2410,sirampog
2409,salem
2408,paguyangan
2407,losari
2406,larangan
2405,ketanggungan
2404,kersana
2403,jatibarang
2402,bumiayu
2401,bulakamba
2400,brebes
2399,bantarkawung
2398,banjarharjo
2397,wonosegoro
2396,teras
2395,simo
2394,selo
2393,sawit
2392,sambi
2391,nogosari
2390,ngemplak
2389,musuk
2388,mojosongo
2387,klego
2386,kemusu
2385,karanggede
2384,juwangi
2383,cepogo
2382,boyolali penggung
2381,banyudono
2380,andong
2379,ampel
2378,tunjungan
2377,todanan
2376,sambong
2375,randublatung
2374,ngawen
2373,kunduran
2372,kradenan /menden
2371,kedungtuban
2370,jiken
2369,jepon
2368,jati
2367,japah
2366,cepu
2365,bogorejo
2364,blora
2363,banjarejo
2362,wonotunggal
2361,warungasem
2360,tulis
2359,tersono
2358,subah
2357,reban
2356,pecalungan
2355,limpung
2354,kandeman
2353,gringsing
2352,blado
2351,bawang
2350,batang
2349,banyuputih
2348,bandar
2347,wangon
2346,tambak
2345,sumpyuh /sumpiuh
2344,sumbang
2343,somagede
2342,sokaraja
2341,rawalo
2340,purwokerto utara
2339,purwokerto timur
2338,purwokerto selatan
2337,purwokerto barat
2336,purwokerto
2335,purwojati
2334,pakuncen
2333,patikraja
2332,lumbir
2331,kemranjen
2330,kembaran
2329,kedungbanteng
2328,kebasen
2327,karanglewas
2326,kalibagor
2325,jatilawang
2324,gumelar
2323,cilongok
2322,baturaden
2321,banyumas
2320,ajibarang
2319,wanayasa
2318,wanadadi
2317,susukan
2316,sigaluh
2315,rakit
2314,purworejo klampok
2313,purwanegara
2312,punggelan
2311,pejawaran
2310,pagentan
2309,mandiraja
2308,madukara
2307,karangkobar
2306,kalibening
2305,bawang
2304,batur
2303,banjarnegara
2302,banjarmangu
2301,kepulauan seribu utara
2300,kepulauan seribu selatan
2299,pulau pramuka
2298,pulo gadung
2297,pasar rebo
2296,matraman
2295,makasar
2294,kramatjati
2293,jatinegara
2292,duren sawit
2291,ciracas
2290,cipayung
2289,cakung
2288,jakarta timur
2287,tanjung priok
2286,penjaringan
2285,pademangan
2284,koja
2283,kelapa gading
2282,cilincing
2281,jakarta utara
2280,tanah abang
2279,senen
2278,sawah besar
2277,menteng
2276,kemayoran
2275,johar baru
2274,gambir
2273,cempaka putih
2272,jakarta pusat
2271,tebet
2270,setiabudi
2269,pesanggrahan
2268,pasar minggu
2267,pancoran
2266,mampang prapatan
2265,kebayoran lama
2264,kebayoran baru
2263,jagakarsa
2262,cilandak
2261,jakarta selatan
2260,tambora
2259,tamansari
2258,palmerah
2257,kembangan
2256,kebon jeruk
2255,kalideres
2254,grogol petamburan
2253,cengkareng
2252,jakarta barat
2251,tawang
2250,tasikmalaya
2249,tamansari
2248,mangkubumi
2247,kawalu
2246,indihiang
2245,cipedes
2244,cihideung
2243,cibeureum
2242,warudoyong
2241,lembursitu
2240,gunungpuyuh
2239,citamiang
2238,cikole
2237,cibeureum
2236,baros
2235,cibubur
2234,sukmajaya
2233,sawangan
2232,pancoran mas
2231,limo
2230,cimanggis
2229,beji
2228,depok
2227,cirebon barat
2226,pekalipan
2225,lemahwungkuk
2224,kesambi
2223,kejaksan
2222,harjamukti
2221,cirebon
2220,cimahi utara
2219,cimahi tengah
2218,cimahi selatan
2217,cimahi
2216,tanah sereal
2215,bogor utara
2214,bogor timur
2213,bogor tengah
2212,bogor selatan
2211,bogor barat
2210,bogor
2209,rawalumbu
2208,pondok melati
2207,pondok gede
2206,mustika jaya
2205,medan satria
2204,jatisampurna
2203,jatiasih
2202,bekasi utara
2201,bekasi timur
2200,bekasi selatan
2199,bekasi barat
2198,bantar gebang
2197,bekasi
2196,purwaharja
2195,pataruman
2194,langensari
2193,banjar
2192,ujungberung
2191,sumur bandung
2190,sukasari
2189,sukajadi
2188,regol
2187,rancasari
2186,margacinta
2185,lengkong
2184,kiaracondong
2183,coblong
2182,cidadap
2181,cicendo
2180,cicadas / antapani
2179,cibiru
2178,cibeunying kidul
2177,cibeunying kaler
2176,bojongloa kidul
2175,bojongloa kaler
2174,batununggal
2173,bandung wetan
2172,bandung kulon
2171,bandung kidul
2170,bandung
2169,babakanciparay
2168,astanaanyar
2167,arcamanik
2166,andir
2165,taraju
2164,tanjungjaya
2163,sukaresik
2162,sukaratu
2161,sukarame
2160,sukaraja
2159,sukahening
2158,sodonghilir
2157,singaparna
2156,sariwangi
2155,salopa
2154,salawu
2153,rajapolah
2152,puspahiang
2151,parungponteng
2150,pancatengah
2149,pagerageung
2148,padakembang
2147,manonjaya
2146,mangunreja
2145,leuwisari
2144,karangnunggal
2143,karangjaya
2142,kadipaten
2141,jatiwaras
2140,jamanis
2139,gunung tanjung
2138,culamega
2137,cisayong
2136,cipatujah
2135,cineam
2134,cikatomas
2133,cikalong
2132,cigalontang
2131,cibalong
2130,ciawi
2129,bojonggambir
2128,bojongasih
2127,bantarkalong
2126,wado
2125,ujung jaya
2124,tomo
2123,tanjungsari
2122,tanjungmedar
2121,tanjungkerta
2120,surian
2119,sumedang utara
2118,sumedang selatan
2117,sumedang
2116,sukasari
2115,situraja
2114,rancakalong
2113,paseh
2112,pamulihan
2111,jatinunggal
2110,jatinangor
2109,jatigede
2108,ganeas
2107,darmaraja
2106,conggeang
2105,cisitu
2104,cisarua
2103,cimanggung
2102,cimalaka
2101,cibugel
2100,buahdua
2099,warung kiara
2098,waluran
2097,tegal buleud
2096,surade
2095,sukaraja
2094,sukalarang
2093,sukabumi
2092,simpenan
2091,sagaranten
2090,purabaya
2089,pelabuhan ratu
2088,parung kuda
2087,parakan salak
2086,pabuaran
2085,nyalindung
2084,nagrak
2083,lengkong
2082,kebonpedes
2081,kalibunder
2080,kalapa nunggal
2079,kadudampit
2078,kabandungan
2077,jampang tengah
2076,jampang kulon
2075,gunung guruh
2074,gegerbitung
2073,curugkembar
2072,cisolok
2071,cisaat
2070,cireunghas
2069,ciracap
2068,cikidang
2067,cikembar
2066,cikakak
2065,ciemas
2064,cidolog
2063,cidahu
2062,cidadap
2061,cicurug
2060,cicantayan
2059,cibitung
2058,cibadak
2057,caringin
2056,bojong genteng
2055,bantargadung
2054,tanjung siang
2053,subang
2052,sagalaherang
2051,pusakanagara
2050,purwadadi
2049,patok beusi
2048,pamanukan
2047,pagaden
2046,pabuaran
2045,legon kulon
2044,kalijati
2043,jalan cagak
2042,compreng
2041,cisalak
2040,cipunagara
2039,cipeundeuy
2038,cikaum
2037,cijambe
2036,cibogo
2035,ciasem
2034,blanakan
2033,binong
2032,wanayasa
2031,tegalwaru
2030,sukatani
2029,sukasari
2028,purwakarta
2027,pondoksalam
2026,plered
2025,pasawahan
2024,maniis
2023,kiarapedes
2022,jatiluhur
2021,darangdan
2020,cibatu
2019,campaka
2018,bungursari
2017,bojong
2016,babakancikao
2015,talaga
2014,sumber jaya
2013,sukahaji
2012,sindangwangi
2011,rajagaluh
2010,panyingkiran
2009,palasah
2008,majalengka
2007,maja
2006,ligung
2005,leuwimunding
2004,lemahsugih
2003,kertajati
2002,kadipaten
2001,jatiwangi
2000,jatitujuh
1999,dawuan
1998,cingambul
1997,cikijing
1996,cigasong
1995,bantarujeg
1994,banjaran
1993,argapura
1992,subang
1991,sindangagung
1990,selajambe
1989,pasawahan
1988,pancalang
1987,nusaherang
1986,mandirancan
1985,maleber
1984,luragung
1983,lebakwangi
1982,kuningan
1981,kramatmulya
1980,karangkancana
1979,kalimanggis
1978,kadugede
1977,japara
1976,jalaksana
1975,hantara
1974,garawangi
1973,darma
1972,ciwaru
1971,cipicung
1970,ciniru
1969,cimahi
1968,cilimus
1967,cilebak
1966,cigugur
1965,cigandamekar
1964,cidahu
1963,cibingbin
1962,cibeureum
1961,ciawi gebang
1960,tirtamulya
1959,tirtajaya
1958,tempuran
1957,telukjambe timur
1956,telukjambe barat
1955,tegalwaru
1954,talagasari
1953,rengasdengklok
1952,rawamerta
1951,purwasari
1950,pedes
1949,pangkalan
1948,pakisjaya
1947,majalaya
1946,lemahabang
1945,kutawaluya
1944,kotabaru
1943,klari
1942,karawang timur
1941,karawang barat
1940,karawang
1939,jayakerta
1938,jatisari
1937,cilebar
1936,cilamaya wetan
1935,cilamaya kulon
1934,cikampek
1933,cibuaya
1932,ciampel
1931,banyusari
1930,batujaya
1929,widasari
1928,trisi
1927,sukra
1926,sukagumiwang
1925,sliyeg
1924,sindang
1923,losarang
1922,lohbener
1921,lelea
1920,kroya
1919,krangkeng
1918,kertasemaya
1917,kedokan bunder
1916,karangampel
1915,kandanghaur
1914,juntiyuat
1913,jatibarang
1912,indramayu
1911,haurgeulis
1910,gantar
1909,gabus wetan
1908,cikedung
1907,cantigi
1906,bongas
1905,bangodua
1904,balongan
1903,arahan
1902,anjatan
1901,wanaraja
1900,tarogong kidul
1899,tarogong kaler
1898,talegong
1897,sukawening
1896,sukaresmi
1895,sucinaraja
1894,singajaya
1893,selaawi
1892,samarang
1891,peundeuy
1890,pasirwangi
1889,pangatikan
1888,pamulihan
1887,pameungpeuk
1886,pakenjeng
1885,mekarmukti
1884,malangbong
1883,leuwigoong
1882,leles
1881,kersamanah
1880,karangtengah
1879,karangpawitan
1878,kadungora
1877,garut kota
1876,garut
1875,cisurupan
1874,cisompet
1873,cisewu
1872,cilawu
1871,cikelet
1870,cikajang
1869,cihurip
1868,cigedug
1867,cibiuk
1866,cibatu
1865,cibalong
1864,caringin
1863,bungbulang
1862,balubur limbangan
1861,bayongbong
1860,banyuresmi
1859,banjarwangi
1858,weru
1857,waled
1856,tengah tani
1855,susukanlebak
1854,susukan
1853,sumber
1852,sedong
1851,plumbon
1850,plered
1849,pasaleman
1848,panguragan
1847,pangenan
1846,palimanan
1845,pabuaran
1844,pabedilan
1843,mundu
1842,losari
1841,lemahabang
1840,klangenan
1839,kedawung
1838,karangwareng
1837,karangsembung
1836,kapetakan
1835,kaliwedi
1834,gempol
1833,gegesik
1832,gebang
1831,dukupuntang
1830,depok
1829,ciwaringin
1828,cirebon utara
1827,cirebon selatan
1826,ciledug
1825,beber
1824,babakan
1823,astanajapura
1822,arjawinangun
1821,warungkondang
1820,tanggeung
1819,takokak
1818,sukaresmi
1817,sukanagara
1816,sukaluyu
1815,sindangbarang
1814,pagelaran
1813,pacet
1812,naringgul
1811,mande
1810,leles
1809,karangtengah
1808,kadupandak
1807,gekbrong
1806,cugenang
1805,ciranjang
1804,cipanas
1803,cilaku
1802,cikalongkulon
1801,cikadu
1800,cijati
1799,cidaun
1798,cibinong
1797,cibeber
1796,cianjur
1795,campaka mulya
1794,campaka
1793,bojongpicung
1792,agrabinta
1791,tambaksari
1790,sukadana
1789,sindangkasih
1788,sidamulih
1787,sadananya
1786,rancah
1785,rajadesa
1784,purwadadi
1783,parigi
1782,panawangan
1781,panumbangan
1780,panjalu
1779,pangandaran
1778,pamarican
1777,padaherang
1776,mangunjaya
1775,lumbung
1774,langkaplancar
1773,lakbok
1772,kawali
1771,kalipucang
1770,jatinagara
1769,cisaga
1768,cipaku
1767,cimerak
1766,cimaragas
1765,cikoneng
1764,cijulang
1763,cijeungjing
1762,cihaurbeuti
1761,cigugur
1760,cidolog
1759,ciamis
1758,baregbeg
1757,banjarsari
1756,tenjolaya
1755,tenjo
1754,tanjungsari
1753,tamansari
1752,tajurhalang
1751,sukaraja
1750,sukamakmur
1749,sukajaya
1748,rumpin
1747,ranca bungur
1746,parung
1745,parung panjang
1744,pamijahan
1743,nanggung
1742,megamendung
1741,leuwisadeng
1740,leuwiliang
1739,klapanunggal
1738,kemang
1737,jonggol
1736,jasinga
1735,gunung sindur
1734,gunung putri
1733,dramaga
1732,citeureup
1731,ciseeng
1730,cisarua
1729,ciomas
1728,cileungsi
1727,cijeruk
1726,cigudeg
1725,cigombong
1724,cibungbulang
1723,cibinong
1722,ciawi
1721,ciampea
1720,cariu
1719,caringin
1718,bojonggede
1717,babakan madang
1716,tambelang
1715,tarumajaya
1714,tambun utara
1713,tambun selatan
1712,sukawangi
1711,sukatani
1710,sukakarya
1709,setu
1708,serang baru
1707,pebayuran
1706,muara gembong
1705,karangbahagia
1704,kedungwaringin
1703,cikarang utara
1702,cikarang timur
1701,cikarang selatan
1700,cikarang pusat
1699,cikarang barat
1698,cikarang
1697,cibitung
1696,cibarusah
1695,cabangbungin
1694,bojongmanggu
1693,babelan
1692,sindangkerta
1691,rongga
1690,parongpong
1689,padalarang
1688,cimareme
1687,lembang
1686,gununghalu
1685,cisarua
1684,cipongkor
1683,cipeundeuy
1682,cipatat
1681,cililin
1680,cikalong wetan
1679,cihampelas
1678,batujajar
1677,ngamprah
1676,soreang
1675,solokan jeruk
1674,rancaekek
1673,rancabali
1672,pasirjambu
1671,paseh
1670,pangalengan
1669,pameungpeuk
1668,pacet
1667,nagreg
1666,margahayu
1665,margaasih
1664,majalaya
1663,katapang
1662,kertasari
1661,ibun
1660,dayeuhkolot
1659,ciwidey
1658,ciparay
1657,cimenyan
1656,cimaung
1655,cileunyi
1654,cilengkrang
1653,cikancung
1652,cicalengka
1651,cangkuang
1650,bojong soang
1649,banjaran
1648,baleendah
1647,arjasari
1646,walantaka
1645,taktakan
1644,serang
1643,kasemen
1642,curug
1641,cipocok jaya
1640,tangerang
1639,pinang
1638,periuk
1637,neglasari
1636,larangan
1635,karawaci
1634,karangtengah
1633,jatiuwung
1632,cipondoh
1631,ciledug
1630,cibodas
1629,benda
1628,batuceper
1627,purwakarta
1626,merak
1625,jombang
1624,gerogol
1623,ciwandan
1622,citangkil
1621,cilegon
1620,cibeber
1619,tigaraksa
1618,teluknaga
1617,sukadiri
1616,serpong
1615,sepatan /jatimulya/cengklong
1614,rajeg
1613,pondok aren/ jurang mangu
1612,pasarkemis
1611,panongan
1610,pamulang
1609,pakuhaji
1608,pagedangan
1607,mauk
1606,legok
1605,kronjo
1604,kresek
1603,kosambi /salembaran jati
1602,kemiri
1601,jayanti
1600,jambe
1599,curug
1598,cisoka
1597,cisauk
1596,ciputat
1595,cikupa
1594,balaraja
1593,waringinkurung
1592,tunjung teja
1591,tirtayasa
1590,tanara
1589,puloampel
1588,pontang
1587,petir
1586,pamarayan
1585,padarincang
1584,pabuaran
1583,mancak
1582,kramatwatu
1581,kragilan
1580,kopo
1579,kibin
1578,jawilan
1577,ciruas
1576,ciomas
1575,cinangka
1574,cikeusal
1573,cikande
1572,carenang
1571,bojonegara
1570,binuang
1569,baros
1568,anyar
1567,sumur
1566,sukaresmi
1565,saketi
1564,picung
1563,patia
1562,panimbang
1561,pandeglang
1560,pagelaran
1559,munjul
1558,menes
1557,mandalawangi
1556,labuan
1555,karangtanjung
1554,kaduhejo
1553,jiput
1552,cisata
1551,cipeucang
1550,cimanuk
1549,cimanggu
1548,cikeusik
1547,cikedal
1546,cigeulis
1545,cibitung
1544,cibaliung
1543,carita
1542,cadas sari
1541,bojong
1540,banjar
1539,angsana
1538,warunggunung
1537,wanasalam
1536,sobang
1535,sajira
1534,rangkasbitung
1533,panggarangan
1532,muncang
1531,malingping
1530,maja
1529,leuwidamar
1528,gunungkencana
1527,curugbitung
1526,cipanas
1525,cimarga
1524,cileles
1523,cikulur
1522,cijaku
1521,cibeber
1520,cibadak
1519,bojongmanik
1518,bayah
1517,banjarsari
1516,kota piring
1515,dompak
1514,senggarang
1513,tanjung pinang timur
1512,tanjung pinang kota
1511,tanjung pinang barat
1510,bukit bestari
1509,tanjung pinang
1508,sekupang/ tanjung ucang
1507,sei beduk
1506,nongsa/ kabil/ lagoi
1505,lubuk baja
1504,galang
1503,bulang galang
1502,belakang padang
1501,batu ampar
1500,batam
1499,pulau tiga
1498,pulau laut
1497,subi
1496,siantan timur
1495,siantan selatan
1494,siantan
1493,serasan
1492,ranai
1491,pal matak
1490,midai
1489,jemaja timur
1488,jemaja
1487,bunguran utara
1486,bunguran tengah
1485,bunguran timur laut
1484,bunguran timur
1483,bunguran barat
1482,singkep barat
1481,singkep
1480,senayang
1479,lingga utara
1478,lingga
1477,daik
1476,lagoi
1475,teluk sebong
1474,teluk bintan
1473,tambelan
1472,gunung kijang
1471,tanjung uban/bintan utara
1470,bintan timur
1469,bandar seri bintan
1468,tanjung batu
1467,tebing
1466,moro
1465,meral
1464,kundur utara
1463,kundur barat
1462,kundur
1461,karimun
1460,buru
1459,tanjung balai karimun
1458,gerunggang
1457,pangkal pinang
1456,pangkal balam
1455,bukit intan
1454,rangkui
1453,kelapa kampit
1452,manggar
1451,gantung
1450,dendang
1449,selat nasik
1448,sijuk
1447,badau
1446,tanjung pandan
1445,membalong
1444,lepar pongok
1443,air gegas
1442,toboali
1441,simpang rima
1440,payung
1439,simpang katis
1438,sungai selan
1437,pangkalan baru
1436,koba
1435,jebus
1434,simpang teritip
1433,mentok
1432,tempilang
1431,kelapa
1430,riau silip
1429,belinyu
1428,bakam
1427,pemali
1426,sungailiat
1425,puding besar
1424,merawang
1423,mendo barat
1422,metro utara
1421,metro timur
1420,metro selatan
1419,metro pusat
1418,metro barat
1417,metro
1416,teluk betung utara
1415,teluk betung selatan
1414,teluk betung barat
1413,tanjung senang
1412,tanjung karang timur
1411,tanjung karang pusat
1410,tanjung karang barat
1409,sukarame
1408,sukabumi
1407,rajabasa
1406,panjang
1405,kemiling
1404,kedaton
1403,bandar lampung
1402,way lima
1401,tegineneng
1400,pundung pidada
1399,padang cermin
1398,negeri katon
1397,kedondong
1396,gedong tataan
1395,way serdang
1394,tumi jajar
1393,tulang bawang udik
1392,tulang bawang tengah
1391,tanjung raya
1390,simpang pematang
1389,rawajitu utara
1388,rawajitu selatan
1387,penawar tama
1386,mesuji
1385,menggala
1384,lambu kibang
1383,gunung terang
1382,gedung meneng
1381,gedung aji
1380,banjar agung
1379,wonosobo
1378,ulubelu
1377,talang padang
1376,sumberejo
1375,sukoharjo
1374,semaka
1373,pulau panggung
1372,pugung
1371,pringsewu
1370,pematang sawa
1369,pardasuka
1368,pagelaran
1367,kota agung
1366,kelumbayan
1365,gading rejo
1364,cukup balak
1363,adi luwih
1362,way tuba
1361,rebang tangkas
1360,pakuan ratu
1359,negeri besar
1358,negeri agung
1357,negeri batin
1356,kasui
1355,gunung labuhan
1354,blambangan
1353,baradatu
1352,banjit/banjid
1351,bahuga
1350,tanjung raja
1349,sungkai utara
1348,sungkai selatan
1347,muara sungkai
1346,kotabumi utara
1345,kotabumi selatan
1344,kotabumi
1343,bunga mayang
1342,bukit kemuning
1341,abung tinggi
1340,abung timur
1339,abung tengah
1338,abung surakarta
1337,abung semuli
1336,abung selatan
1335,abung barat
1334,way jepara
1333,way bungur
1332,waway karya
1331,sukadana
1330,sekampung udik
1329,sekampung
1328,raman utara
1327,purbolinggo
1326,pekalongan
1325,pasir sakti
1324,metro kibang
1323,melinting
1322,mataram baru
1321,margatiga
1320,labuhan ratu
1319,labuhan maringgai
1318,jabung/gunung balak
1317,gunung pelindung
1316,bumi agung
1315,braja slebah
1314,batanghari nuban
1313,batanghari
1312,bandar sribawono
1311,way seputih
1310,way pengubuan
1309,trimurjo
1308,terusan nunyai
1307,terbanggi besar / bandar jaya
1306,seputih surabaya
1305,seputih raman
1304,seputih mataram
1303,seputih banyak
1302,seputih agung
1301,sendang agung
1300,selagai lingga
1299,rumbia
1298,punggur
1297,pubian
1296,padang ratu
1295,kota gajah
1294,kalirejo
1293,gunung sugih
1292,bumi ratu nuban
1291,bumi nabung
1290,bekri
1289,bangunrejo
1288,bandar jaya
1287,bandar surabaya
1286,bandar mataram
1285,anak tuha
1284,tanjung bintang
1283,sragi
1282,sidomulyo
1281,rajabasa
1280,penengahan
1279,palas
1278,natar
1277,merbau mataram
1276,ketapang
1275,katibung
1274,kalianda
1273,jati agung
1272,candipuro
1271,bakauheni
1270,way tenong
1269,suoh
1268,sumber jaya
1267,sukau
1266,sekincau
1265,pesisir utara
1264,pesisir tengah / krui
1263,pesisir selatan
1262,liwa
1261,lemong
1260,karya penggawa
1259,bengkunat
1258,belalau
1257,batu brak
1256,balik bukit
1255,rambang kapak tengah
1254,prabumulih timur
1253,prabumulih barat
1252,cambai
1251,prabumulih
1250,sukarame
1249,sematang borang
1248,seberang ulu ii
1247,seberang ulu i
1246,sako
1245,plaju
1244,kertapati
1243,kemuning
1242,kalidoni
1241,ilir timur ii
1240,ilir timur i
1239,ilir barat ii
1238,ilir barat i
1237,gandus
1236,bukit kecil
1235,alang-alang lebar
1234,palembang
1233,dempo utara
1232,dempo tengah
1231,dempo selatan
1230,pagar alam selatan
1229,pagar alam utara
1228,pagar alam
1227,lubuklinggau utara ii
1226,lubuklinggau utara i
1225,lubuklinggau timur ii
1224,lubuklinggau timur i
1223,lubuklinggau selatan ii
1222,lubuklinggau selatan i
1221,lubuklinggau barat ii
1220,lubuklinggau barat i
1219,lubuk linggau
1218,simpang
1217,pulau beringin
1216,muaradua kisam
1215,muaradua
1214,mekakau ilir
1213,kisam tinggi
1212,buay sandang aji
1211,buay runjung
1210,buay pemaca
1209,banding agung
1208,semendawa suku iii
1207,martapura
1206,madang suku ii
1205,madang suku i
1204,cempaka
1203,buay pemuka peliung
1202,buay madang
1201,belitang iii
1200,belitang ii
1199,belitang
1198,ulu ogan
1197,sosoh buay rayap
1196,semidang aji
1195,peninjauan
1194,pengandonan
1193,lubuk batang
1192,lengkiti
1191,baturaja timur
1190,baturaja barat
1189,baturaja
1188,tulung selapan
1187,tanjung lubuk
1186,sirah pulau padang
1185,pematang panggang
1184,pedamaran
1183,pampangan
1182,mesuji
1181,lempuing
1180,kota kayu agung
1179,jejawi
1178,cengal
1177,air sugihan
1176,tanjung raja
1175,tanjung batu
1174,rantau alai
1173,pemulutan
1172,muara kuang
1171,indralaya
1170,ulu rawas
1169,tugumulyo
1168,selangit
1167,rawas ulu
1166,rawas ilir
1165,purwodadi
1164,nibung
1163,muara rupit
1162,muara lakitan
1161,muara kelingi
1160,muara beliti baru
1159,muara beliti
1158,megang sakti
1157,karang jaya
1156,karang dapo
1155,jayaloka
1154,bts ulu
1153,bkl ulu terawas
1152,sungai lilin
1151,sungai keruh
1150,sekayu
1149,sanga desa
1148,ramba (desa)
1147,lais
1146,keluang
1145,bayung lencir
1144,batang harileko
1143,babat toman
1142,kelekar
1141,muara belikan
1140,abab (penukal abab)
1139,ujan mas
1138,tanjung agung
1137,tanah abang
1136,talang ubi
1135,sungai rotan
1134,semende darat ulu
1133,semende darat tengah
1132,semende darat laut
1131,rembang dangku
1130,rembang
1129,penukal utara
1128,penukal abab
1127,muara enim
1126,lubai
1125,lembak
1124,lawang kidul
1123,gunung megang
1122,gelumbang
1121,benakat
1120,tanjung sakti
1119,pulau pinang
1118,pajar bulan
1117,mulak ulu
1116,merapi
1115,lahat
1114,kota agung
1113,kikim timur
1112,kikim tengah
1111,kikim selatan
1110,kikim barat
1109,jarai
1108,ulu musi
1107,tebing tinggi
1106,talang padang
1105,pendopo
1104,pasemah air keruh
1103,muara pinang
1102,lintang kanan
1101,talang kelapa
1100,rantau bayur
1099,rambutan
1098,pulau rimau
1097,pangkalan balai
1096,muara telang
1095,muara padang
1094,makarti jaya
1093,betung
1092,banyuasin iii
1091,banyuasin ii
1090,banyuasin i
1089,tanjung harapan
1088,lubuk sikarah
1087,solok
1086,talawi
1085,silungkang
1084,sawahlunto
1083,lembah segar
1082,barangin
1081,payakumbuh utara
1080,payakumbuh timur
1079,payakumbuh barat
1078,pariaman utara
1077,pariaman tengah
1076,pariaman selatan
1075,padang panjang timur
1074,padang panjang barat
1073,padang panjang
1072,pauh
1071,padang utara
1070,padang timur
1069,padang selatan
1068,padang barat
1067,nanggalo
1066,lubuk kilangan
1065,lubuk begalung
1064,kuranji
1063,koto tangah
1062,bungus teluk kabung
1061,padang
1060,mandiangin koto selayan
1059,guguk panjang
1058,bukit tinggi
1057,aur birugo tigo baleh
1056,tanjung emas
1055,tanjung baru
1054,sungayang
1053,sungai tarab
1052,sepuluh koto
1051,salimpaung
1050,rambatan
1049,pariangan
1048,padang ganting
1047,lintau buo utara
1046,lintau buo
1045,lima kaum
1044,batu sangkar
1043,batipuh selatan
1042,batipuh
1041,sungai pagu
1040,sangir jujuan
1039,sangir batanghari
1038,sangir
1037,padang aro
1036,koto parik gadang diateh
1035,tigo lurah
1034,payung sekaki
1033,pantai cermin
1032,lembang jaya
1031,lembah gumanti
1030,kubung
1029,junjung sirih
1028,hiliran gumanti
1027,gunung talang
1026,danau kembar
1025,bukit sundi
1024,arosuka
1023,x koto singkarak
1022,x koto diatas
1021,ix koto sungai lasi
1020,tanjung gadang
1019,sumpur kudus
1018,sijunjung/ muaro sijunjung
1017,lubuk tarok
1016,kupitan
1015,koto tujuh
1014,kamang baru
1013,iv nagari
1012,sutera
1011,ranah pesisir
1010,pancung soal
1009,painan
1008,lunang silaut
1007,linggo sari baganti
1006,lengayang
1005,koto xi tarusan
1004,bayang utara
1003,bayang
1002,batang kapas
1001,basa iv balai tapan
1000,iv jurai
999,talamau
998,sungai beremas
997,sungai aur
996,simpang empat
995,sasak ranah pesisir
994,ranah batahan
993,ranah balingka
992,pasaman
991,luhak nan duo
990,lembah melintang
989,kinali
988,gunung tuleh
987,rao
986,panti
985,mapat tunggul selatan
984,mapat tunggul
983,lubuk sikaping
982,bonjol
981,iii nagari
980,ii koto
979,ulakan tapakis
978,sungai limau
977,sungai geringging
976,sintuk toboh gadang
975,patamuan
974,pariaman
973,padang sago
972,nan sabaris
971,lubuk alung
970,batang gasan
969,batang anai
968,vii koto sungai sarik
967,vi lingkung
966,v koto timur
965,v koto kp dalam
964,iv koto aur malintang
963,ii.x.xi.vi lingkung
962,2 x 11 kayu tanam
961,tuapejat
960,sipora
959,siberut utara
958,siberut selatan
957,pagai utara
956,pagai selatan
955,suliki gunung mas
954,situjuh lima nagari
953,sarilamak
952,payakumbuh
951,pangkalan koto baru
950,mungka
949,luhak
948,lareh sago halaban
947,kapur ix
946,harau
945,gunung mas
944,guguk
943,bukit barisan
942,akabiluru
941,sungai rumbai
940,sitiung
939,pulau punjung
938,koto baru
937,tilatang kamang
936,tanjung raya
935,tanjung mutiara
934,sungai puar
933,palupuh
932,palembayan
931,matur
930,lubuk basung
929,kamang magek
928,candung
927,baso
926,banuhampu
925,ampek nagari
924,iv koto
923,iv angkat canduang
922,tenayan raya
921,rumbai pesisir
920,payung
919,tampan
918,bukit raya
917,rumbai
916,sukajadi
915,senapelan
914,sail
913,pekanbaru
912,marpoyan damai
911,lima puluh
910,sungai sembilan
909,medang kampai
908,dumai timur
907,dumai barat
906,bukit kapur
905,dumai
904,tualang
903,sungai mandau
902,sungai apit
901,siak
900,siak indrapura
899,minas
898,lubuk dalam
897,koto gasip
896,kerinci kanan
895,kandis
894,dayun
893,bunga raya
892,tanah putih tanjung melawan
891,tanah putih
890,sinaboi
889,simpang kanan
888,rimba melintang
887,rantau kopar
886,pujud
885,pasir limau kapas
884,kubu
883,batu hampar
882,bangko pusako
881,bangko
880,bagan sinembah
879,bagan siapi-api
878,ujung batu
877,tembusai utara
876,tembusai
875,tandun
874,rokan iv koto
873,rambah samo
872,rambah hilir
871,rambah
870,pasir pangaraian
869,kuntodarussalam
868,kepenuhan
867,kabun
866,bangun purba
865,ukui
864,teluk meranti
863,pelalawan
862,pangkalan lesung
861,pangkalan kuras
860,pangkalan kerinci
859,langgam
858,kuala kampar
857,kerumutan
856,bunut
855,singingi hilir
854,singingi
853,pangean
852,logas tanah darat
851,kuantan tengah
850,kuantan mudik
849,kuantan hilir
848,inuman
847,hulu kuantan
846,gunung toar
845,cerenti
844,benai
843,teluk kuantan
842,tebing tinggi barat
841,tebing tinggi
840,selat panjang
839,rangsang barat
838,rangsang
837,merbau
836,meranti
835,xiii koto kampar
834,tapung hulu
833,tapung hilir
832,tapung
831,tambang
830,siak hulu
829,salo
828,rumbio jaya
827,perhentian raja
826,kampar utara
825,kampar timur
824,kampar kiri hulu
823,kampar kiri hilir
822,kampar kiri
821,kampar
820,gunung sahilan
819,bangkinang seberang
818,bangkinang barat
817,bangkinang
816,seberida
815,rengat barat
814,rengat
813,peranap
812,pasir penyu
811,lirik
810,kelayang
809,batang gansal
808,batang cenaku
807,tempuling
806,tembilahan hulu
805,tembilahan
804,teluk balengkong
803,tanah merah
802,reteh
801,pulau burung
800,pelangiran
799,mandah
798,kuala indragiri
797,keritang
796,kemuning
795,kateman
794,gaung anak serka
793,gaung
792,enok
791,batang tuaka
790,siak kecil
789,rupat utara
788,rupat
787,pinggir
786,mandau
785,duri-mandau
784,bukit batu
783,bengkalis
782,bantan
781,telanaipura
780,pelayangan
779,pasar jambi
778,kota baru
777,jelutung
776,jambi timur
775,jambi selatan
774,danau teluk
773,jambi
772,vii koto
771,tengah ilir
770,tebo ulu
769,tebo tengah
768,tebo ilir
767,sumay
766,rimbo ulu
765,rimbo ilir
764,rimbo bujang
763,muara tebo
762,tungkal ulu
761,tungkal ilir
760,pengabuan
759,merlung
758,kualatungkal
757,betara
756,sadu
755,rantau rasau
754,nipah panjang
753,muarasabak
752,mendahara
751,dendang
750,sarolangun
749,singkut
748,pauh
747,mandiangin
746,muara limun
745,batang asai
744,sungai bahar
743,sengeti
742,sekernan
741,mestong
740,maro sebo
739,kumpeh ulu
738,kumpeh
737,jambi luar kota
736,tabir ulu
735,tabir
734,sungai manau
733,pamenang
732,muara siau
731,jangkat
730,bangko
729,sungai penuh
728,sitinjau laut
727,keliling danau
726,kayu aro
725,hamparan rawang
724,gunung raya
723,gunung kerinci
722,danau kerinci
721,batang merangin
720,air hangat timur
719,air hangat
718,tanah tumbuh
717,tanah sepenggal
716,rantau pandan
715,pelepat ilir
714,pelepat
713,muko muko batin vii
712,pasar muara bungo
711,limbur lubuk mengkuang
710,jujuhan
709,bathin ii babeko
708,pemayung
707,muara tembesi
706,muara bulian
705,mersam
704,maro sebo ulu
703,maro sebo ilir
702,batin xxiv
701,bajubang
700,teluk segara
699,sungai serut
698,selebar
697,ratu samban
696,ratu agung
695,muara bangkahulu
694,kampung melayu
693,gading cempaka
692,bengkulu
691,ulu talo
690,talo kecil
689,talo
688,tais
687,sukaraja
686,semidang alas maras
685,semidang alas
684,seluma utara
683,seluma timur
682,seluma selatan
681,seluma barat
680,seluma
679,lubuk sandi
678,ilir talo
677,air periukan
676,sindang kelingi
675,selupu rejang
674,padang ulak tanding
673,kota padang
672,curup
671,bermani ulu
670,teras terunjam
669,pondok suguh
668,muko-muko utara
667,muko-muko selatan
666,lubuk pinang
665,muko
664,rimbo pengadang
663,lebong utara
662,lebong tengah
661,lebong selatan
660,lebong atas
659,lebong
658,ujan mas
657,tebat karai
656,kepahiang
655,bermani ilir
654,maje
653,tanjung kemuning
652,nasal
651,kinal
650,kaur utara
649,kaur tengah
648,kaur selatan
647,kaur
646,talang empat
645,taba penanjung
644,putri hijau
643,pondok kelapa
642,pematang tiga
641,pagar jati
640,padang jaya
639,napal putih
638,lais
637,ketahun
636,kerkap
635,karang tinggi
634,giri mulia
633,enggano
632,batik nau
631,arga makmur
630,air napal
629,air besi
628,seginim
627,pinoraya
626,pino
625,manna
624,kota manna
623,kedurang
622,tebing tinggi
621,rambutan
620,padang hulu
619,padang hilir
618,teluk nibung
617,tanjung balai utara
616,tanjung balai selatan
615,s. tualang raso
614,datuk bandar
613,sibolga utara
612,sibolga selatan
611,sibolga sambas
610,sibolga kota
609,siantar utara
608,siantar timur
607,siantar selatan
606,siantar martoba
605,siantar marihat
604,siantar barat
603,pematang siantar
602,padang sidempuan utara
601,padang sidempuan tenggara
600,padang sidempuan selatan
599,padang sidempuan hutaimbaru
598,padang sidempuan batu nadua
597,medan tuntungan
596,medan timur
595,medan tembung
594,medan sunggal
593,medan selayang
592,medan polonia
591,medan petisah
590,medan perjuangan
589,medan marelan
588,medan maimun
587,medan labuhan
586,medan kota
585,medan johor
584,medan helvetia
583,medan denai
582,medan deli
581,medan belawan
580,medan baru
579,medan barat
578,medan area
577,medan amplas
576,medan
575,binjai utara
574,binjai timur
573,binjai selatan
572,binjai
571,binjai barat
570,binjai kota
569,uluan
568,tampahan
567,silaen
566,sigumpar
565,siantar narumonda
564,porsea
563,pintu pohan meranti
562,nassau
561,lumban julu
560,lagu boti
559,habinsaran
558,bor bor
557,balige
556,ajibata
555,tarutung
554,sipoholon
553,sipahutar
552,simangumban
551,siborong-borong
550,siatas barita
549,purbatua
548,parmonangan
547,pangaribuan
546,pahae julu
545,pahae jae
544,pagaran
543,muara
542,garoga
541,adiankoting
540,tukka
539,tapian nauli
538,sosor gadong
537,sorkam barat
536,sorkam
535,sitahuis
534,sirandorung
533,sibolga
532,sibabangun
531,manduamas
530,lumut
529,kolang
528,barus
527,badiri
526,adman dewi
525,ulu barumun
524,sosopan
523,sosa
522,sipirok
521,simangambat
520,siais
519,sayur matinggi
518,saipar dolok hole
517,portibi
516,padang sidempuan timur
515,padang sidempuan barat
514,padang bolak julu
513,padang bolak
512,marancar
511,lubuk barumun
510,huta raja tinggi
509,huristak
508,halongonan
507,dolok sigompulon
506,dolok
505,batang toru
504,batang onang
503,batang lubu sutam
502,batang angkola
501,barumun tengah
500,barumun
499,arse
498,aek bilah
497,ujung padang
496,tapian dolok
495,tanah jawa
494,silimakuta
493,silau kahean
492,sidamanik
491,siantar
490,raya kahean
489,raya
488,purba
487,pematang sidamanik
486,pematang bandar
485,pematang raya
484,panombeian pane
483,panei
482,jorlang hataran
481,jawa maraja bah jambi
480,hutabayu raja
479,hatonduhan
478,haranggaol horisanz
477,gunung maligas
476,gunung malela
475,girsang sipangan bolon
474,dolok silau
473,dolok pardamean
472,dolok panribuan
471,dolok batunanggar
470,bosar maligas
469,bandar masilam
468,bandar huluan
467,bandar
466,teluk mengkudu
465,tebingtinggi
464,tanjung beringin
463,sipispis
462,sei rampah
461,perbaungan
460,pantai cermin
459,kotarih
458,dolok merawan
457,dolok masihul
456,bandar khalipah
455,sitiotio
454,simanindo
453,sianjur mula mula
452,ronggur nihuta
451,pangururan
450,palipi
449,onan runggu
448,nainggolan
447,harian
446,tinada
445,siempat rube
444,pagindar
443,pergetteng-getteng sengkut
442,sitellu tai urang julu
441,sitellu tai urang jehe
440,salak
439,kerajaan
438,simangambat
437,portibi
436,padang bolak julu
435,padang bolak
434,halongonan
433,gunung tua
432,dolok sigompulon
431,dolok
430,batang onang
429,ulu barumun
428,sosopan
427,sosa
426,sibuhuan
425,lubuk barumun
424,huta raja tinggi
423,huristak
422,batang bulu sutam
421,barumun tengah
420,barumun
419,teluk dalam
418,pulau-pulau batu
417,lolomatua
416,lolo wa'u
415,lahusa
414,hibala
413,gomo
412,amandraya
411,tuhemberua
410,sirombo
409,mandrehe
408,lotu
407,lolofitu moi
406,lahewa
405,idano gawo
404,hiliduho
403,gunungsitoli
402,gido
401,bawolato
400,alasa
399,afulu
398,ulu pungkut
397,tambangan
396,siabu
395,panyabungan utara
394,panyabungan timur
393,panyabungan selatan
392,panyabungan kota
391,panyabungan barat
390,natal
389,muara sipongi
388,muara batang gadis
387,lingga bayu
386,lembah sorik merapi
385,kotanopan
384,bukit malintang
383,batang natal
382,batahan
381,wampu
380,tanjung pura
379,stabat
378,selesai
377,sei lepan
376,sei bingai
375,secanggang
374,sawit seberang
373,salapian
372,pangkalan susu
371,padang tualang
370,kuala
369,hinai
368,gebang
367,brandan barat
366,bohorok
365,binjai
364,besitang
363,batang serangan
362,babalan/pangkaln brandan
361,torgamba
360,sungai kanan
359,silangkitang
358,rantau utara
357,rantau selatan
356,rantau prapat
355,pangkatan
354,panai tengah
353,panai hulu
352,panai hilir
351,na ix-x
350,marbau
349,kualuh selatan
348,kualuh leidong
347,kualuh hulu
346,kualuh hilir
345,kota pinang
344,kampung rakyat
343,bilah hulu
342,bilah hilir
341,bilah barat
340,aek natas
339,aek kuo
338,tiga panah
337,tiga binanga
336,simpang empat
335,payung
334,munte
333,merek
332,mardinding
331,laubaleng
330,kuta buluh
329,kabanjahe
328,juhar
327,berastagi
326,barusjahe
325,tarabintang
324,sijama polang
323,pollung
322,parlilitan
321,paranginan
320,pakkat
319,onan ganjang
318,lintong nihuta
317,dolok sanggul
316,baktiraja
315,tanjung morawa
314,sunggal
313,sinembah tanjungmuda hilir
312,sinembah tanjungmuda hulu
311,sibolangit
310,petumbak
309,percut sei tuan
308,pantai labu
307,pancur batu
306,pagar marbau
305,namo rambe
304,lubuk pakam
303,labuhan deli
302,kutalimbaru
301,hamparan perak
300,gunung meriah
299,galang
298,deli tua
297,biru-biru
296,beringin
295,batang kuis
294,bangun purba
293,tiga lingga
292,tanah pinem
291,sumbul
290,silima pungga-pungga
289,siempat nempu hulu
288,siempat nempu hilir
287,siempat nempu
286,sidikalang
285,pegagan hilir
284,parbuluan
283,lae parira
282,gunung sitember
281,berampu
280,sei balai
279,tanjung tiram
278,talawi
277,air putih
276,sei suka
275,medang deras
274,limapuluh
273,tanjung balai asahan
272,simpang empat
271,sei kepayang
270,pulau rakyat
269,meranti
268,kisaran timur
267,kisaran barat
266,kisaran
265,buntu pane
264,bandar pulau
263,bandar pasir mandoge
262,air joman
261,air batu
260,aek kuasan
259,longkip
258,sultan daulat
257,rundeng
256,penanggalan
255,simpang kiri
254,subulussalam
253,sukajaya
252,sukakarya
251,sabang
250,muara dua
249,lhokseumawe
248,blang mangat
247,banda sakti
246,langsa timur
245,langsa teungoh
244,langsa lama
243,langsa kota
242,langsa barat
241,langsa
240,ulee kareng
239,syiah kuala
238,kuta raja
237,kuta alam
236,lueng bata
235,baiturrahman
234,banda raya
233,jaya baru
232,meuraksa
231,banda aceh
230,teupah barat
229,teupah selatan
228,teluk dalam
227,sinabang
226,simuelue barat
225,simeulue timur
224,simeulue tengah
223,salang
222,alafan
221,trienggading
220,panteraja
219,bandar baru
218,meurah dua
217,bandar dua
216,jangka buya
215,ulim
214,meureudu
213,titeua/keumala
212,tiro/truseb
211,tangse
210,simpang tiga
209,sakti
208,pidie
207,peukan baro
206,padang tiji
205,mutiara timur
204,mutiara
203,muara tiga
202,mila
201,mane
200,sigli
199,kembang tanjung
198,indrajaya
197,grong-grong
196,glumpang tiga
195,gleumpang baro
194,geumpang
193,delima
192,batee
191,suka makmue
190,seunagan timur
189,seunagan
188,kuala
187,darul makmur
186,beutong
185,pantan jaya
184,teripe jaya
183,blang jerango
182,dabung gelang
181,blang pegayon
180,putri betung
179,terangon
178,rikit gaib
177,pining
176,kuta panjang
175,blang kejeren
174,simpang mamplam
173,samalanga
172,primbang
171,peusangan siblah krueng
170,peusangan selatan
169,peusangan
168,peudada
167,pandrah
166,makmur
165,kuta blang
164,kuala
163,kota juang
162,juli
161,jeumpa
160,jeunieb
159,jangka
158,ganda pura
157,bireuen
156,wih pesam
155,timang gajah
154,syiah kuala
153,simpang tiga redelon
152,pintu rime
151,permata
150,bukit
149,bandar
148,tanah pasir
147,tanah jambo aye
146,tanah luas
145,syamtalira bayu
144,syamtalira aron
143,simpang keuramat
142,seunuddon
141,sawang
140,samudera
139,paya bakong
138,nisam
137,nibong
136,muara batu
135,meurah mulia
134,matang kuli
133,lhoksukon
132,langkahan
131,kuta makmur
130,dewantara
129,cot girek
128,baktia barat
127,baktia
126,sungai raya
125,simpang ulim
124,simpang jernih
123,serba jadi/lokop
122,ranto peureulak
121,rantau selamat
120,peureulak timur
119,peureulak barat
118,peureulak
117,peudawa
116,pante beudari
115,nurussalam
114,madat
113,julok
112,indra makmur
111,idi tuning
110,idi rayeuk
109,darul iksan
108,darul aman
107,birem bayeun
106,banda alam
105,semadam
104,lawe sigala-gala
103,lawe bulan
102,lawe alas
101,kutacane
100,darul hasanah
99,bukit tusam
98,bambel
97,badar
96,babussalam
95,babul rahmat
94,babul makmur
93,takengon
92,silih nara
91,rusip antara
90,pegasing
89,linge isak
88,lauttawar
87,kute panang
86,ketol
85,kebayakan
84,jagong jeget
83,celala
82,bintang
81,bies
80,bebesen
79,atu lintang
78,tamiang hulu
77,seuruway
76,rantau
75,manyak payed
74,kuala simpang
73,kejuruan muda
72,karang baru
71,bendahara
70,suro baru
69,singkohor
68,singkil utara
67,singkil
66,simpang kanan
65,pulau banyak
64,kota baharu
63,gunung meriah
62,danau paris
61,trumon timur
60,trumon
59,tapak tuan
58,sawang
57,sama dua
56,pasie raja
55,meukek
54,labuhan haji timur
53,labuhan haji barat
52,labuhan haji
51,kluet utara
50,kluet timur
49,kluet tengah
48,kluet selatan
47,bakongan timur
46,bakongan
45,teunom
44,setia bakti
43,sampo niet
42,pangat
41,krueng sabee/calang
40,jaya
39,suka makmur
38,simpang tiga
37,seulimeum
36,puroaceh
35,peukan bada
34,montasik
33,mesjid raya
32,lhoong
31,leupung
30,lho'nga
29,lembah seulawah
28,kuta malaka
27,jantho
26,kuta cot glie
25,kuta baro
24,krueng barona jaya
23,ingin jaya
22,indrapuri
21,darussalam
20,darul kamal
19,darul imarah
18,baitussalam
17,tangan tangan
16,susoh
15,manggeng
14,kuala batee
13,blangpidie
12,babah rot
11,samatiga
10,pante ceureumen
9,woyla timur
8,woyla barat
7,sungai mas
6,meulaboh
5,johan pahlawan
4,arongan lambalek
3,bubon
2,woyla
1,kaway xvi
